filepath,filename,folder_category,inferred_category,final_category,product,arabic_name,souk_location,price_min_mad,price_max_mad,price_range,notes,width_px,height_px,size_kb,hash,annotated,annotation_file
marrakech_dataset\textiles\bing\000001.jpg,000001.jpg,textiles,unknown,textiles,Scarf,وشاح,Souk Semmarine / Souk Ahiak,50,70,50–70 MAD,Lightweight cotton or silk blend.,1300,938,223.6,71e96162a1,no,
marrakech_dataset\textiles\bing\000002.jpg,000002.jpg,textiles,unknown,textiles,Scarf,وشاح,Souk Semmarine / Souk Ahiak,50,70,50–70 MAD,Lightweight cotton or silk blend.,866,1390,328.9,1d5818eaf9,no,
marrakech_dataset\textiles\bing\000003.jpg,000003.jpg,textiles,unknown,textiles,Scarf,وشاح,Souk Semmarine / Souk Ahiak,50,70,50–70 MAD,Lightweight cotton or silk blend.,837,1390,279.8,b030d83a77,no,
marrakech_dataset\textiles\bing\000004.jpg,000004.jpg,textiles,unknown,textiles,Scarf,وشاح,Souk Semmarine / Souk Ahiak,50,70,50–70 MAD,Lightweight cotton or silk blend.,1300,956,382.2,3a7eca2b09,no,
marrakech_dataset\textiles\bing\000005.jpg,000005.jpg,textiles,unknown,textiles,Scarf,وشاح,Souk Semmarine / Souk Ahiak,50,70,50–70 MAD,Lightweight cotton or silk blend.,1300,959,261.6,ea4cfe8952,no,
marrakech_dataset\textiles\bing\000006.jpg,000006.jpg,textiles,unknown,textiles,Scarf,وشاح,Souk Semmarine / Souk Ahiak,50,70,50–70 MAD,Lightweight cotton or silk blend.,865,1390,259.1,c68b2ddaa0,no,
marrakech_dataset\textiles\bing\000007.jpg,000007.jpg,textiles,unknown,textiles,Scarf,وشاح,Souk Semmarine / Souk Ahiak,50,70,50–70 MAD,Lightweight cotton or silk blend.,1300,955,355.4,67fddaee18,no,
marrakech_dataset\textiles\bing\000008.jpg,000008.jpg,textiles,unknown,textiles,Scarf,وشاح,Souk Semmarine / Souk Ahiak,50,70,50–70 MAD,Lightweight cotton or silk blend.,1300,956,369.2,4160f048c0,no,
marrakech_dataset\textiles\bing\000009.jpg,000009.jpg,textiles,unknown,textiles,Scarf,وشاح,Souk Semmarine / Souk Ahiak,50,70,50–70 MAD,Lightweight cotton or silk blend.,898,1390,213.2,9ca071e399,no,
marrakech_dataset\textiles\bing\000010.jpg,000010.jpg,textiles,unknown,textiles,Scarf,وشاح,Souk Semmarine / Souk Ahiak,50,70,50–70 MAD,Lightweight cotton or silk blend.,1600,990,284.5,ff16da773b,no,
marrakech_dataset\textiles\bing\000011.jpg,000011.jpg,textiles,unknown,textiles,Scarf,وشاح,Souk Semmarine / Souk Ahiak,50,70,50–70 MAD,Lightweight cotton or silk blend.,800,450,113.6,f05a2a2a09,no,
marrakech_dataset\textiles\bing\000012.jpg,000012.jpg,textiles,unknown,textiles,Scarf,وشاح,Souk Semmarine / Souk Ahiak,50,70,50–70 MAD,Lightweight cotton or silk blend.,1300,956,278.2,2a83f4db63,no,
marrakech_dataset\textiles\bing\000013.jpg,000013.jpg,textiles,unknown,textiles,Scarf,وشاح,Souk Semmarine / Souk Ahiak,50,70,50–70 MAD,Lightweight cotton or silk blend.,1300,959,387.0,443e942719,no,
marrakech_dataset\textiles\bing\000014.jpg,000014.jpg,textiles,unknown,textiles,Scarf,وشاح,Souk Semmarine / Souk Ahiak,50,70,50–70 MAD,Lightweight cotton or silk blend.,959,960,363.6,7d14e63874,no,
marrakech_dataset\textiles\bing\000015.jpg,000015.jpg,textiles,unknown,textiles,Scarf,وشاح,Souk Semmarine / Souk Ahiak,50,70,50–70 MAD,Lightweight cotton or silk blend.,650,435,165.2,e331af98a0,no,
marrakech_dataset\textiles\bing\000016.jpg,000016.jpg,textiles,unknown,textiles,Scarf,وشاح,Souk Semmarine / Souk Ahiak,50,70,50–70 MAD,Lightweight cotton or silk blend.,866,1390,292.9,d9d0394d24,no,
marrakech_dataset\textiles\bing\000017.jpg,000017.jpg,textiles,unknown,textiles,Scarf,وشاح,Souk Semmarine / Souk Ahiak,50,70,50–70 MAD,Lightweight cotton or silk blend.,1300,956,341.4,6850bf9021,no,
marrakech_dataset\textiles\bing\000018.jpg,000018.jpg,textiles,unknown,textiles,Scarf,وشاح,Souk Semmarine / Souk Ahiak,50,70,50–70 MAD,Lightweight cotton or silk blend.,864,1390,314.7,69815f338b,no,
marrakech_dataset\textiles\bing\000019.jpg,000019.jpg,textiles,unknown,textiles,Scarf,وشاح,Souk Semmarine / Souk Ahiak,50,70,50–70 MAD,Lightweight cotton or silk blend.,2592,1944,1002.2,67b95f6aca,no,
marrakech_dataset\textiles\bing\000020.jpg,000020.jpg,textiles,unknown,textiles,Scarf,وشاح,Souk Semmarine / Souk Ahiak,50,70,50–70 MAD,Lightweight cotton or silk blend.,866,1390,357.0,6d9ca695f5,no,
marrakech_dataset\textiles\bing\000021.jpg,000021.jpg,textiles,unknown,textiles,Scarf,وشاح,Souk Semmarine / Souk Ahiak,50,70,50–70 MAD,Lightweight cotton or silk blend.,1024,768,183.5,2ed9179a78,no,
marrakech_dataset\textiles\bing\000022.jpg,000022.jpg,textiles,unknown,textiles,Scarf,وشاح,Souk Semmarine / Souk Ahiak,50,70,50–70 MAD,Lightweight cotton or silk blend.,626,626,113.8,4e90ef3354,no,
marrakech_dataset\textiles\bing\000023.jpg,000023.jpg,textiles,unknown,textiles,Scarf,وشاح,Souk Semmarine / Souk Ahiak,50,70,50–70 MAD,Lightweight cotton or silk blend.,1200,797,99.7,d97b7f357f,no,
marrakech_dataset\textiles\bing\000024.jpg,000024.jpg,textiles,unknown,textiles,Scarf,وشاح,Souk Semmarine / Souk Ahiak,50,70,50–70 MAD,Lightweight cotton or silk blend.,352,626,60.7,c4170922c7,no,
marrakech_dataset\textiles\bing\000025.jpg,000025.jpg,textiles,unknown,textiles,Scarf,وشاح,Souk Semmarine / Souk Ahiak,50,70,50–70 MAD,Lightweight cotton or silk blend.,2500,3334,1816.9,05ad24e6c9,no,
marrakech_dataset\textiles\bing\000026.jpg,000026.jpg,textiles,unknown,textiles,Scarf,وشاح,Souk Semmarine / Souk Ahiak,50,70,50–70 MAD,Lightweight cotton or silk blend.,1000,800,221.2,8807e71a67,no,
marrakech_dataset\textiles\bing\000027.jpg,000027.jpg,textiles,unknown,textiles,Scarf,وشاح,Souk Semmarine / Souk Ahiak,50,70,50–70 MAD,Lightweight cotton or silk blend.,750,533,75.7,bbb60217e8,no,
marrakech_dataset\textiles\bing\000028.jpg,000028.jpg,textiles,unknown,textiles,Scarf,وشاح,Souk Semmarine / Souk Ahiak,50,70,50–70 MAD,Lightweight cotton or silk blend.,810,454,76.4,bf62a5f459,no,
marrakech_dataset\textiles\bing\000029.jpg,000029.jpg,textiles,unknown,textiles,Scarf,وشاح,Souk Semmarine / Souk Ahiak,50,70,50–70 MAD,Lightweight cotton or silk blend.,479,297,31.2,ec389fb3f6,no,
marrakech_dataset\textiles\bing\000030.jpg,000030.jpg,textiles,unknown,textiles,Scarf,وشاح,Souk Semmarine / Souk Ahiak,50,70,50–70 MAD,Lightweight cotton or silk blend.,1024,576,165.3,bbb020504c,no,
marrakech_dataset\textiles\bing\000031.jpg,000031.jpg,textiles,unknown,textiles,Scarf,وشاح,Souk Semmarine / Souk Ahiak,50,70,50–70 MAD,Lightweight cotton or silk blend.,626,206,49.0,d2d85c6bdf,no,
marrakech_dataset\textiles\bing\000032.jpg,000032.jpg,textiles,unknown,textiles,Scarf,وشاح,Souk Semmarine / Souk Ahiak,50,70,50–70 MAD,Lightweight cotton or silk blend.,626,626,30.6,dd444ae538,no,
marrakech_dataset\textiles\bing\000033.jpg,000033.jpg,textiles,unknown,textiles,Scarf,وشاح,Souk Semmarine / Souk Ahiak,50,70,50–70 MAD,Lightweight cotton or silk blend.,626,626,38.5,3c3c23c565,no,
marrakech_dataset\textiles\bing\000034.jpg,000034.jpg,textiles,unknown,textiles,Scarf,وشاح,Souk Semmarine / Souk Ahiak,50,70,50–70 MAD,Lightweight cotton or silk blend.,626,626,52.2,dd8f9a6fae,no,
marrakech_dataset\textiles\bing\000035.jpg,000035.jpg,textiles,unknown,textiles,Scarf,وشاح,Souk Semmarine / Souk Ahiak,50,70,50–70 MAD,Lightweight cotton or silk blend.,626,626,43.9,d0d064879c,no,
marrakech_dataset\textiles\bing\000036.jpg,000036.jpg,textiles,unknown,textiles,Scarf,وشاح,Souk Semmarine / Souk Ahiak,50,70,50–70 MAD,Lightweight cotton or silk blend.,1200,628,189.9,1f42332929,no,
marrakech_dataset\textiles\bing\000037.jpg,000037.jpg,textiles,unknown,textiles,Scarf,وشاح,Souk Semmarine / Souk Ahiak,50,70,50–70 MAD,Lightweight cotton or silk blend.,1000,437,48.7,b0b9367077,no,
marrakech_dataset\textiles\bing\000038.jpg,000038.jpg,textiles,unknown,textiles,Scarf,وشاح,Souk Semmarine / Souk Ahiak,50,70,50–70 MAD,Lightweight cotton or silk blend.,600,363,22.2,6febe02f12,no,
marrakech_dataset\textiles\bing\000039.jpg,000039.jpg,textiles,unknown,textiles,Scarf,وشاح,Souk Semmarine / Souk Ahiak,50,70,50–70 MAD,Lightweight cotton or silk blend.,736,981,198.9,ea5d6b14a2,no,
marrakech_dataset\textiles\bing\000040.jpg,000040.jpg,textiles,unknown,textiles,Scarf,وشاح,Souk Semmarine / Souk Ahiak,50,70,50–70 MAD,Lightweight cotton or silk blend.,1300,1065,200.0,d79762c408,no,
marrakech_dataset\textiles\bing\000041.jpg,000041.jpg,textiles,unknown,textiles,Scarf,وشاح,Souk Semmarine / Souk Ahiak,50,70,50–70 MAD,Lightweight cotton or silk blend.,1500,957,133.5,232f4eebdd,no,
marrakech_dataset\textiles\bing\000042.jpg,000042.jpg,textiles,unknown,textiles,Scarf,وشاح,Souk Semmarine / Souk Ahiak,50,70,50–70 MAD,Lightweight cotton or silk blend.,600,330,43.3,b2b10283b9,no,
marrakech_dataset\textiles\bing\000043.jpg,000043.jpg,textiles,unknown,textiles,Scarf,وشاح,Souk Semmarine / Souk Ahiak,50,70,50–70 MAD,Lightweight cotton or silk blend.,1300,956,245.6,88b352f800,no,
marrakech_dataset\textiles\bing\000044.jpg,000044.jpg,textiles,unknown,textiles,Scarf,وشاح,Souk Semmarine / Souk Ahiak,50,70,50–70 MAD,Lightweight cotton or silk blend.,626,352,18.9,2aaa2c0baf,no,
marrakech_dataset\textiles\bing\000045.jpg,000045.jpg,textiles,unknown,textiles,Scarf,وشاح,Souk Semmarine / Souk Ahiak,50,70,50–70 MAD,Lightweight cotton or silk blend.,1170,1560,251.8,504d0de20f,no,
marrakech_dataset\textiles\bing\000046.jpg,000046.jpg,textiles,unknown,textiles,Scarf,وشاح,Souk Semmarine / Souk Ahiak,50,70,50–70 MAD,Lightweight cotton or silk blend.,1000,728,152.2,de8297ac85,no,
marrakech_dataset\textiles\bing\000047.jpg,000047.jpg,textiles,unknown,textiles,Scarf,وشاح,Souk Semmarine / Souk Ahiak,50,70,50–70 MAD,Lightweight cotton or silk blend.,1600,1157,296.8,f98b895bb4,no,
marrakech_dataset\textiles\bing\000048.jpg,000048.jpg,textiles,unknown,textiles,Scarf,وشاح,Souk Semmarine / Souk Ahiak,50,70,50–70 MAD,Lightweight cotton or silk blend.,3000,3000,1155.8,1c476773a0,no,
marrakech_dataset\textiles\bing\000049.jpg,000049.jpg,textiles,unknown,textiles,Scarf,وشاح,Souk Semmarine / Souk Ahiak,50,70,50–70 MAD,Lightweight cotton or silk blend.,1600,1157,381.3,5ced34b2fc,no,
marrakech_dataset\textiles\bing\000050.jpg,000050.jpg,textiles,unknown,textiles,Scarf,وشاح,Souk Semmarine / Souk Ahiak,50,70,50–70 MAD,Lightweight cotton or silk blend.,700,400,35.0,3eb04bcc58,no,
marrakech_dataset\textiles\bing\000051.jpg,000051.jpg,textiles,unknown,textiles,Scarf,وشاح,Souk Semmarine / Souk Ahiak,50,70,50–70 MAD,Lightweight cotton or silk blend.,866,1390,267.0,9bd5200714,no,
marrakech_dataset\textiles\bing\000052.jpg,000052.jpg,textiles,unknown,textiles,Scarf,وشاح,Souk Semmarine / Souk Ahiak,50,70,50–70 MAD,Lightweight cotton or silk blend.,1300,955,355.4,67fddaee18,no,
marrakech_dataset\textiles\bing\000053.jpg,000053.jpg,textiles,unknown,textiles,Scarf,وشاح,Souk Semmarine / Souk Ahiak,50,70,50–70 MAD,Lightweight cotton or silk blend.,1300,956,428.0,49f7a0492a,no,
marrakech_dataset\textiles\bing\000054.jpg,000054.jpg,textiles,unknown,textiles,Scarf,وشاح,Souk Semmarine / Souk Ahiak,50,70,50–70 MAD,Lightweight cotton or silk blend.,2592,1944,1092.8,6412475bfd,no,
marrakech_dataset\textiles\bing\000055.jpg,000055.jpg,textiles,unknown,textiles,Scarf,وشاح,Souk Semmarine / Souk Ahiak,50,70,50–70 MAD,Lightweight cotton or silk blend.,1300,1065,226.5,2ea4fdd810,no,
marrakech_dataset\textiles\bing\000056.jpg,000056.jpg,textiles,unknown,textiles,Scarf,وشاح,Souk Semmarine / Souk Ahiak,50,70,50–70 MAD,Lightweight cotton or silk blend.,1300,940,234.2,00b50968d6,no,
marrakech_dataset\textiles\bing\000057.jpg,000057.jpg,textiles,unknown,textiles,Scarf,وشاح,Souk Semmarine / Souk Ahiak,50,70,50–70 MAD,Lightweight cotton or silk blend.,1300,960,387.6,5cb989e409,no,
marrakech_dataset\textiles\bing\000058.jpg,000058.jpg,textiles,unknown,textiles,Scarf,وشاح,Souk Semmarine / Souk Ahiak,50,70,50–70 MAD,Lightweight cotton or silk blend.,1300,957,425.3,fb35a31c2c,no,
marrakech_dataset\textiles\bing\000059.jpg,000059.jpg,textiles,unknown,textiles,Scarf,وشاح,Souk Semmarine / Souk Ahiak,50,70,50–70 MAD,Lightweight cotton or silk blend.,1300,956,220.1,39dee37798,no,
marrakech_dataset\textiles\bing\000060.jpg,000060.jpg,textiles,unknown,textiles,Scarf,وشاح,Souk Semmarine / Souk Ahiak,50,70,50–70 MAD,Lightweight cotton or silk blend.,866,1390,255.2,68134e7d5b,no,
marrakech_dataset\textiles\bing\000061.jpg,000061.jpg,textiles,unknown,textiles,Scarf,وشاح,Souk Semmarine / Souk Ahiak,50,70,50–70 MAD,Lightweight cotton or silk blend.,865,1390,259.1,c68b2ddaa0,no,
marrakech_dataset\textiles\bing\000062.jpg,000062.jpg,textiles,unknown,textiles,Scarf,وشاح,Souk Semmarine / Souk Ahiak,50,70,50–70 MAD,Lightweight cotton or silk blend.,800,534,103.8,bbbd4f1644,no,
marrakech_dataset\textiles\bing\000063.jpg,000063.jpg,textiles,unknown,textiles,Scarf,وشاح,Souk Semmarine / Souk Ahiak,50,70,50–70 MAD,Lightweight cotton or silk blend.,800,534,140.2,fcb4baba41,no,
marrakech_dataset\textiles\bing\000064.jpg,000064.jpg,textiles,unknown,textiles,Scarf,وشاح,Souk Semmarine / Souk Ahiak,50,70,50–70 MAD,Lightweight cotton or silk blend.,964,1390,433.7,0678200e9c,no,
marrakech_dataset\textiles\bing\000065.jpg,000065.jpg,textiles,unknown,textiles,Scarf,وشاح,Souk Semmarine / Souk Ahiak,50,70,50–70 MAD,Lightweight cotton or silk blend.,2592,1944,1002.2,67b95f6aca,no,
marrakech_dataset\textiles\bing\000066.jpg,000066.jpg,textiles,unknown,textiles,Scarf,وشاح,Souk Semmarine / Souk Ahiak,50,70,50–70 MAD,Lightweight cotton or silk blend.,1300,957,231.8,ed40106c34,no,
marrakech_dataset\textiles\bing\000067.jpg,000067.jpg,textiles,unknown,textiles,Scarf,وشاح,Souk Semmarine / Souk Ahiak,50,70,50–70 MAD,Lightweight cotton or silk blend.,866,1390,295.1,12e7cc1b81,no,
marrakech_dataset\textiles\bing\000068.jpg,000068.jpg,textiles,unknown,textiles,Scarf,وشاح,Souk Semmarine / Souk Ahiak,50,70,50–70 MAD,Lightweight cotton or silk blend.,720,1280,185.7,0707443fb8,no,
marrakech_dataset\textiles\bing\000069.jpg,000069.jpg,textiles,unknown,textiles,Scarf,وشاح,Souk Semmarine / Souk Ahiak,50,70,50–70 MAD,Lightweight cotton or silk blend.,1018,600,300.8,b503895d9a,no,
marrakech_dataset\textiles\bing\000070.jpg,000070.jpg,textiles,unknown,textiles,Scarf,وشاح,Souk Semmarine / Souk Ahiak,50,70,50–70 MAD,Lightweight cotton or silk blend.,1000,662,685.4,ad2f0620d4,no,
marrakech_dataset\textiles\bing\000071.jpg,000071.jpg,textiles,unknown,textiles,Scarf,وشاح,Souk Semmarine / Souk Ahiak,50,70,50–70 MAD,Lightweight cotton or silk blend.,1600,1157,361.8,ee35b7d832,no,
marrakech_dataset\textiles\bing\000072.jpg,000072.jpg,textiles,unknown,textiles,Scarf,وشاح,Souk Semmarine / Souk Ahiak,50,70,50–70 MAD,Lightweight cotton or silk blend.,1300,956,284.3,740434b52f,no,
marrakech_dataset\textiles\bing\000073.jpg,000073.jpg,textiles,unknown,textiles,Scarf,وشاح,Souk Semmarine / Souk Ahiak,50,70,50–70 MAD,Lightweight cotton or silk blend.,1300,959,387.0,443e942719,no,
marrakech_dataset\textiles\bing\000074.jpg,000074.jpg,textiles,unknown,textiles,Scarf,وشاح,Souk Semmarine / Souk Ahiak,50,70,50–70 MAD,Lightweight cotton or silk blend.,1300,1064,308.2,d9f5c3c3f3,no,
marrakech_dataset\textiles\bing\000075.jpg,000075.jpg,textiles,unknown,textiles,Scarf,وشاح,Souk Semmarine / Souk Ahiak,50,70,50–70 MAD,Lightweight cotton or silk blend.,980,654,144.7,6a30ced19a,no,
marrakech_dataset\textiles\bing\000076.jpg,000076.jpg,textiles,unknown,textiles,Scarf,وشاح,Souk Semmarine / Souk Ahiak,50,70,50–70 MAD,Lightweight cotton or silk blend.,867,1390,164.2,1bf34b079f,no,
marrakech_dataset\textiles\bing\000077.jpg,000077.jpg,textiles,unknown,textiles,Scarf,وشاح,Souk Semmarine / Souk Ahiak,50,70,50–70 MAD,Lightweight cotton or silk blend.,1024,678,200.0,89c46b229d,no,
marrakech_dataset\textiles\bing\000078.jpg,000078.jpg,textiles,unknown,textiles,Scarf,وشاح,Souk Semmarine / Souk Ahiak,50,70,50–70 MAD,Lightweight cotton or silk blend.,1300,1020,322.9,550f2cc0a6,no,
marrakech_dataset\textiles\bing\000079.jpg,000079.jpg,textiles,unknown,textiles,Scarf,وشاح,Souk Semmarine / Souk Ahiak,50,70,50–70 MAD,Lightweight cotton or silk blend.,977,1390,377.1,2aee750bd1,no,
marrakech_dataset\textiles\bing\000080.jpg,000080.jpg,textiles,unknown,textiles,Scarf,وشاح,Souk Semmarine / Souk Ahiak,50,70,50–70 MAD,Lightweight cotton or silk blend.,863,1390,212.5,62946a5865,no,
marrakech_dataset\textiles\bing\000081.jpg,000081.jpg,textiles,unknown,textiles,Scarf,وشاح,Souk Semmarine / Souk Ahiak,50,70,50–70 MAD,Lightweight cotton or silk blend.,800,533,88.1,a9f5816d25,no,
marrakech_dataset\textiles\bing\000082.jpg,000082.jpg,textiles,unknown,textiles,Scarf,وشاح,Souk Semmarine / Souk Ahiak,50,70,50–70 MAD,Lightweight cotton or silk blend.,1600,1157,318.3,9d069423fd,no,
marrakech_dataset\textiles\bing\000083.jpg,000083.jpg,textiles,unknown,textiles,Scarf,وشاح,Souk Semmarine / Souk Ahiak,50,70,50–70 MAD,Lightweight cotton or silk blend.,1224,1690,162.7,c2eee055e7,no,
marrakech_dataset\textiles\bing\000084.jpg,000084.jpg,textiles,unknown,textiles,Scarf,وشاح,Souk Semmarine / Souk Ahiak,50,70,50–70 MAD,Lightweight cotton or silk blend.,800,600,79.1,3222274084,no,
marrakech_dataset\textiles\bing\000085.jpg,000085.jpg,textiles,unknown,textiles,Scarf,وشاح,Souk Semmarine / Souk Ahiak,50,70,50–70 MAD,Lightweight cotton or silk blend.,1600,1201,292.7,d0267cecbd,no,
marrakech_dataset\textiles\bing\000086.jpg,000086.jpg,textiles,unknown,textiles,Scarf,وشاح,Souk Semmarine / Souk Ahiak,50,70,50–70 MAD,Lightweight cotton or silk blend.,623,906,120.2,81dcb9dabb,no,
marrakech_dataset\textiles\bing\000087.jpg,000087.jpg,textiles,unknown,textiles,Scarf,وشاح,Souk Semmarine / Souk Ahiak,50,70,50–70 MAD,Lightweight cotton or silk blend.,1280,850,87.5,14f152e1ed,no,
marrakech_dataset\textiles\bing\000088.jpg,000088.jpg,textiles,unknown,textiles,Scarf,وشاح,Souk Semmarine / Souk Ahiak,50,70,50–70 MAD,Lightweight cotton or silk blend.,720,482,148.7,cc4ea37001,no,
marrakech_dataset\textiles\bing\000089.jpg,000089.jpg,textiles,unknown,textiles,Scarf,وشاح,Souk Semmarine / Souk Ahiak,50,70,50–70 MAD,Lightweight cotton or silk blend.,866,1390,294.8,d9aafc48dc,no,
marrakech_dataset\textiles\bing\000090.jpg,000090.jpg,textiles,unknown,textiles,Scarf,وشاح,Souk Semmarine / Souk Ahiak,50,70,50–70 MAD,Lightweight cotton or silk blend.,736,552,201.7,edb37a1bf0,no,
marrakech_dataset\textiles\bing\000091.jpg,000091.jpg,textiles,unknown,textiles,Scarf,وشاح,Souk Semmarine / Souk Ahiak,50,70,50–70 MAD,Lightweight cotton or silk blend.,1024,768,433.5,3816c74897,no,
marrakech_dataset\textiles\bing\000092.jpg,000092.jpg,textiles,unknown,textiles,Scarf,وشاح,Souk Semmarine / Souk Ahiak,50,70,50–70 MAD,Lightweight cotton or silk blend.,626,418,120.9,9b39b9e3e0,no,
marrakech_dataset\textiles\bing\000093.jpg,000093.jpg,textiles,unknown,textiles,Scarf,وشاح,Souk Semmarine / Souk Ahiak,50,70,50–70 MAD,Lightweight cotton or silk blend.,1024,707,298.1,7469e8e11c,no,
marrakech_dataset\textiles\bing\000094.jpg,000094.jpg,textiles,unknown,textiles,Scarf,وشاح,Souk Semmarine / Souk Ahiak,50,70,50–70 MAD,Lightweight cotton or silk blend.,1600,1156,277.6,7864f8b087,no,
marrakech_dataset\textiles\bing\000095.jpg,000095.jpg,textiles,unknown,textiles,Scarf,وشاح,Souk Semmarine / Souk Ahiak,50,70,50–70 MAD,Lightweight cotton or silk blend.,626,626,135.9,827840cd35,no,
marrakech_dataset\textiles\bing\000096.jpg,000096.jpg,textiles,unknown,textiles,Scarf,وشاح,Souk Semmarine / Souk Ahiak,50,70,50–70 MAD,Lightweight cotton or silk blend.,1300,951,216.8,751d13aa0e,no,
marrakech_dataset\textiles\bing\000097.jpg,000097.jpg,textiles,unknown,textiles,Scarf,وشاح,Souk Semmarine / Souk Ahiak,50,70,50–70 MAD,Lightweight cotton or silk blend.,626,626,128.5,e428d24473,no,
marrakech_dataset\textiles\bing\000098.jpg,000098.jpg,textiles,unknown,textiles,Scarf,وشاح,Souk Semmarine / Souk Ahiak,50,70,50–70 MAD,Lightweight cotton or silk blend.,1300,951,250.5,b0db83f672,no,
marrakech_dataset\textiles\bing\000099.jpg,000099.jpg,textiles,unknown,textiles,Scarf,وشاح,Souk Semmarine / Souk Ahiak,50,70,50–70 MAD,Lightweight cotton or silk blend.,1600,1156,306.3,76061e6a84,no,
marrakech_dataset\textiles\bing\000100.jpg,000100.jpg,textiles,unknown,textiles,Scarf,وشاح,Souk Semmarine / Souk Ahiak,50,70,50–70 MAD,Lightweight cotton or silk blend.,1300,926,253.6,73b88fb48d,no,
marrakech_dataset\spices\bing\000001.jpg,000001.jpg,spices,unknown,spices,Spices (per 100g),بهارات,Rahba Kedima / Souk Ableuh / Souk El Attarine,30,80,30–80 MAD,"Cumin, saffron, ras el hanout, dried rosebuds. Price by weight.",1300,956,167.0,f326f57a63,no,
marrakech_dataset\spices\bing\000002.jpg,000002.jpg,spices,unknown,spices,Spices (per 100g),بهارات,Rahba Kedima / Souk Ableuh / Souk El Attarine,30,80,30–80 MAD,"Cumin, saffron, ras el hanout, dried rosebuds. Price by weight.",800,534,81.2,9b3246f75b,no,
marrakech_dataset\spices\bing\000003.jpg,000003.jpg,spices,unknown,spices,Spices (per 100g),بهارات,Rahba Kedima / Souk Ableuh / Souk El Attarine,30,80,30–80 MAD,"Cumin, saffron, ras el hanout, dried rosebuds. Price by weight.",1300,956,223.1,c9875781ca,no,
marrakech_dataset\spices\bing\000004.jpg,000004.jpg,spices,unknown,spices,Spices (per 100g),بهارات,Rahba Kedima / Souk Ableuh / Souk El Attarine,30,80,30–80 MAD,"Cumin, saffron, ras el hanout, dried rosebuds. Price by weight.",1600,1157,212.9,ef200ce860,no,
marrakech_dataset\spices\bing\000005.jpg,000005.jpg,spices,unknown,spices,Spices (per 100g),بهارات,Rahba Kedima / Souk Ableuh / Souk El Attarine,30,80,30–80 MAD,"Cumin, saffron, ras el hanout, dried rosebuds. Price by weight.",1600,1157,226.8,35a50aa455,no,
marrakech_dataset\spices\bing\000006.jpg,000006.jpg,spices,unknown,spices,Spices (per 100g),بهارات,Rahba Kedima / Souk Ableuh / Souk El Attarine,30,80,30–80 MAD,"Cumin, saffron, ras el hanout, dried rosebuds. Price by weight.",1600,1157,278.8,24084e8fae,no,
marrakech_dataset\spices\bing\000007.jpg,000007.jpg,spices,unknown,spices,Spices (per 100g),بهارات,Rahba Kedima / Souk Ableuh / Souk El Attarine,30,80,30–80 MAD,"Cumin, saffron, ras el hanout, dried rosebuds. Price by weight.",800,534,78.8,586611d93a,no,
marrakech_dataset\spices\bing\000008.jpg,000008.jpg,spices,unknown,spices,Spices (per 100g),بهارات,Rahba Kedima / Souk Ableuh / Souk El Attarine,30,80,30–80 MAD,"Cumin, saffron, ras el hanout, dried rosebuds. Price by weight.",1600,1157,328.0,89235adf3e,no,
marrakech_dataset\spices\bing\000009.jpg,000009.jpg,spices,unknown,spices,Spices (per 100g),بهارات,Rahba Kedima / Souk Ableuh / Souk El Attarine,30,80,30–80 MAD,"Cumin, saffron, ras el hanout, dried rosebuds. Price by weight.",800,533,102.7,79d81e01ac,no,
marrakech_dataset\spices\bing\000010.jpg,000010.jpg,spices,unknown,spices,Spices (per 100g),بهارات,Rahba Kedima / Souk Ableuh / Souk El Attarine,30,80,30–80 MAD,"Cumin, saffron, ras el hanout, dried rosebuds. Price by weight.",1600,1157,237.6,a7b9887f5c,no,
marrakech_dataset\spices\bing\000011.jpg,000011.jpg,spices,unknown,spices,Spices (per 100g),بهارات,Rahba Kedima / Souk Ableuh / Souk El Attarine,30,80,30–80 MAD,"Cumin, saffron, ras el hanout, dried rosebuds. Price by weight.",1300,1032,262.8,1888435904,no,
marrakech_dataset\spices\bing\000012.jpg,000012.jpg,spices,unknown,spices,Spices (per 100g),بهارات,Rahba Kedima / Souk Ableuh / Souk El Attarine,30,80,30–80 MAD,"Cumin, saffron, ras el hanout, dried rosebuds. Price by weight.",800,534,80.6,7fe63cbcf3,no,
marrakech_dataset\spices\bing\000013.jpg,000013.jpg,spices,unknown,spices,Spices (per 100g),بهارات,Rahba Kedima / Souk Ableuh / Souk El Attarine,30,80,30–80 MAD,"Cumin, saffron, ras el hanout, dried rosebuds. Price by weight.",626,417,104.8,d337b754b3,no,
marrakech_dataset\spices\bing\000014.jpg,000014.jpg,spices,unknown,spices,Spices (per 100g),بهارات,Rahba Kedima / Souk Ableuh / Souk El Attarine,30,80,30–80 MAD,"Cumin, saffron, ras el hanout, dried rosebuds. Price by weight.",626,417,115.3,6f48b0c29c,no,
marrakech_dataset\spices\bing\000015.jpg,000015.jpg,spices,unknown,spices,Spices (per 100g),بهارات,Rahba Kedima / Souk Ableuh / Souk El Attarine,30,80,30–80 MAD,"Cumin, saffron, ras el hanout, dried rosebuds. Price by weight.",1600,1157,202.5,06e282a180,no,
marrakech_dataset\spices\bing\000016.jpg,000016.jpg,spices,unknown,spices,Spices (per 100g),بهارات,Rahba Kedima / Souk Ableuh / Souk El Attarine,30,80,30–80 MAD,"Cumin, saffron, ras el hanout, dried rosebuds. Price by weight.",626,417,112.6,6ac8231564,no,
marrakech_dataset\spices\bing\000017.jpg,000017.jpg,spices,unknown,spices,Spices (per 100g),بهارات,Rahba Kedima / Souk Ableuh / Souk El Attarine,30,80,30–80 MAD,"Cumin, saffron, ras el hanout, dried rosebuds. Price by weight.",1600,1157,143.5,5e1647f51d,no,
marrakech_dataset\spices\bing\000018.jpg,000018.jpg,spices,unknown,spices,Spices (per 100g),بهارات,Rahba Kedima / Souk Ableuh / Souk El Attarine,30,80,30–80 MAD,"Cumin, saffron, ras el hanout, dried rosebuds. Price by weight.",1600,1157,192.2,1a9b341a44,no,
marrakech_dataset\spices\bing\000019.jpg,000019.jpg,spices,unknown,spices,Spices (per 100g),بهارات,Rahba Kedima / Souk Ableuh / Souk El Attarine,30,80,30–80 MAD,"Cumin, saffron, ras el hanout, dried rosebuds. Price by weight.",800,534,85.3,3e1abf6403,no,
marrakech_dataset\spices\bing\000020.jpg,000020.jpg,spices,unknown,spices,Spices (per 100g),بهارات,Rahba Kedima / Souk Ableuh / Souk El Attarine,30,80,30–80 MAD,"Cumin, saffron, ras el hanout, dried rosebuds. Price by weight.",1600,1157,325.7,888d79a4a5,no,
marrakech_dataset\spices\bing\000021.jpg,000021.jpg,spices,unknown,spices,Spices (per 100g),بهارات,Rahba Kedima / Souk Ableuh / Souk El Attarine,30,80,30–80 MAD,"Cumin, saffron, ras el hanout, dried rosebuds. Price by weight.",626,417,109.1,c70351656e,no,
marrakech_dataset\spices\bing\000022.jpg,000022.jpg,spices,unknown,spices,Spices (per 100g),بهارات,Rahba Kedima / Souk Ableuh / Souk El Attarine,30,80,30–80 MAD,"Cumin, saffron, ras el hanout, dried rosebuds. Price by weight.",800,534,77.1,4f8663ed04,no,
marrakech_dataset\spices\bing\000023.jpg,000023.jpg,spices,unknown,spices,Spices (per 100g),بهارات,Rahba Kedima / Souk Ableuh / Souk El Attarine,30,80,30–80 MAD,"Cumin, saffron, ras el hanout, dried rosebuds. Price by weight.",626,417,89.4,f4182a3f62,no,
marrakech_dataset\spices\bing\000024.jpg,000024.jpg,spices,unknown,spices,Spices (per 100g),بهارات,Rahba Kedima / Souk Ableuh / Souk El Attarine,30,80,30–80 MAD,"Cumin, saffron, ras el hanout, dried rosebuds. Price by weight.",626,417,111.3,8b1057a4ec,no,
marrakech_dataset\spices\bing\000025.jpg,000025.jpg,spices,unknown,spices,Spices (per 100g),بهارات,Rahba Kedima / Souk Ableuh / Souk El Attarine,30,80,30–80 MAD,"Cumin, saffron, ras el hanout, dried rosebuds. Price by weight.",1300,954,190.9,0d7cbc1d02,no,
marrakech_dataset\spices\bing\000026.jpg,000026.jpg,spices,unknown,spices,Spices (per 100g),بهارات,Rahba Kedima / Souk Ableuh / Souk El Attarine,30,80,30–80 MAD,"Cumin, saffron, ras el hanout, dried rosebuds. Price by weight.",225,300,18.7,1a7fe61ee9,no,
marrakech_dataset\spices\bing\000027.jpg,000027.jpg,spices,unknown,spices,Spices (per 100g),بهارات,Rahba Kedima / Souk Ableuh / Souk El Attarine,30,80,30–80 MAD,"Cumin, saffron, ras el hanout, dried rosebuds. Price by weight.",1067,1600,232.0,2bd6f0cee7,no,
marrakech_dataset\spices\bing\000028.jpg,000028.jpg,spices,unknown,spices,Spices (per 100g),بهارات,Rahba Kedima / Souk Ableuh / Souk El Attarine,30,80,30–80 MAD,"Cumin, saffron, ras el hanout, dried rosebuds. Price by weight.",490,360,57.7,f97467a7b1,no,
marrakech_dataset\spices\bing\000029.jpg,000029.jpg,spices,unknown,spices,Spices (per 100g),بهارات,Rahba Kedima / Souk Ableuh / Souk El Attarine,30,80,30–80 MAD,"Cumin, saffron, ras el hanout, dried rosebuds. Price by weight.",626,358,85.0,b898103f77,no,
marrakech_dataset\spices\bing\000030.jpg,000030.jpg,spices,unknown,spices,Spices (per 100g),بهارات,Rahba Kedima / Souk Ableuh / Souk El Attarine,30,80,30–80 MAD,"Cumin, saffron, ras el hanout, dried rosebuds. Price by weight.",866,1390,227.8,025e0b3f1b,no,
marrakech_dataset\spices\bing\000031.jpg,000031.jpg,spices,unknown,spices,Spices (per 100g),بهارات,Rahba Kedima / Souk Ableuh / Souk El Attarine,30,80,30–80 MAD,"Cumin, saffron, ras el hanout, dried rosebuds. Price by weight.",1600,1157,190.3,c6de4a6ef5,no,
marrakech_dataset\spices\bing\000032.jpg,000032.jpg,spices,unknown,spices,Spices (per 100g),بهارات,Rahba Kedima / Souk Ableuh / Souk El Attarine,30,80,30–80 MAD,"Cumin, saffron, ras el hanout, dried rosebuds. Price by weight.",626,351,68.4,abf2c1d658,no,
marrakech_dataset\spices\bing\000033.jpg,000033.jpg,spices,unknown,spices,Spices (per 100g),بهارات,Rahba Kedima / Souk Ableuh / Souk El Attarine,30,80,30–80 MAD,"Cumin, saffron, ras el hanout, dried rosebuds. Price by weight.",1300,962,268.9,c7e8a4fa68,no,
marrakech_dataset\spices\bing\000034.jpg,000034.jpg,spices,unknown,spices,Spices (per 100g),بهارات,Rahba Kedima / Souk Ableuh / Souk El Attarine,30,80,30–80 MAD,"Cumin, saffron, ras el hanout, dried rosebuds. Price by weight.",1600,1157,317.3,96eb8430dd,no,
marrakech_dataset\spices\bing\000035.jpg,000035.jpg,spices,unknown,spices,Spices (per 100g),بهارات,Rahba Kedima / Souk Ableuh / Souk El Attarine,30,80,30–80 MAD,"Cumin, saffron, ras el hanout, dried rosebuds. Price by weight.",626,351,54.4,9e4d90652e,no,
marrakech_dataset\spices\bing\000036.jpg,000036.jpg,spices,unknown,spices,Spices (per 100g),بهارات,Rahba Kedima / Souk Ableuh / Souk El Attarine,30,80,30–80 MAD,"Cumin, saffron, ras el hanout, dried rosebuds. Price by weight.",1600,1155,259.7,2884124afa,no,
marrakech_dataset\spices\bing\000037.jpg,000037.jpg,spices,unknown,spices,Spices (per 100g),بهارات,Rahba Kedima / Souk Ableuh / Souk El Attarine,30,80,30–80 MAD,"Cumin, saffron, ras el hanout, dried rosebuds. Price by weight.",1600,1150,248.4,f1732dfb8d,no,
marrakech_dataset\spices\bing\000038.jpg,000038.jpg,spices,unknown,spices,Spices (per 100g),بهارات,Rahba Kedima / Souk Ableuh / Souk El Attarine,30,80,30–80 MAD,"Cumin, saffron, ras el hanout, dried rosebuds. Price by weight.",1600,890,180.3,7f92228901,no,
marrakech_dataset\spices\bing\000039.jpg,000039.jpg,spices,unknown,spices,Spices (per 100g),بهارات,Rahba Kedima / Souk Ableuh / Souk El Attarine,30,80,30–80 MAD,"Cumin, saffron, ras el hanout, dried rosebuds. Price by weight.",1000,571,304.8,de62658bd4,no,
marrakech_dataset\spices\bing\000040.jpg,000040.jpg,spices,unknown,spices,Spices (per 100g),بهارات,Rahba Kedima / Souk Ableuh / Souk El Attarine,30,80,30–80 MAD,"Cumin, saffron, ras el hanout, dried rosebuds. Price by weight.",1000,571,256.8,e974ec5f67,no,
marrakech_dataset\spices\bing\000041.jpg,000041.jpg,spices,unknown,spices,Spices (per 100g),بهارات,Rahba Kedima / Souk Ableuh / Souk El Attarine,30,80,30–80 MAD,"Cumin, saffron, ras el hanout, dried rosebuds. Price by weight.",640,640,191.2,d1126c3c1e,no,
marrakech_dataset\spices\bing\000042.jpg,000042.jpg,spices,unknown,spices,Spices (per 100g),بهارات,Rahba Kedima / Souk Ableuh / Souk El Attarine,30,80,30–80 MAD,"Cumin, saffron, ras el hanout, dried rosebuds. Price by weight.",1300,1065,271.3,7a5d8cadf4,no,
marrakech_dataset\spices\bing\000043.jpg,000043.jpg,spices,unknown,spices,Spices (per 100g),بهارات,Rahba Kedima / Souk Ableuh / Souk El Attarine,30,80,30–80 MAD,"Cumin, saffron, ras el hanout, dried rosebuds. Price by weight.",604,453,67.6,d53bbc77e3,no,
marrakech_dataset\spices\bing\000044.jpg,000044.jpg,spices,unknown,spices,Spices (per 100g),بهارات,Rahba Kedima / Souk Ableuh / Souk El Attarine,30,80,30–80 MAD,"Cumin, saffron, ras el hanout, dried rosebuds. Price by weight.",975,1390,223.9,1355f87bc7,no,
marrakech_dataset\spices\bing\000045.jpg,000045.jpg,spices,unknown,spices,Spices (per 100g),بهارات,Rahba Kedima / Souk Ableuh / Souk El Attarine,30,80,30–80 MAD,"Cumin, saffron, ras el hanout, dried rosebuds. Price by weight.",1600,1153,256.7,e996a80db2,no,
marrakech_dataset\spices\bing\000046.jpg,000046.jpg,spices,unknown,spices,Spices (per 100g),بهارات,Rahba Kedima / Souk Ableuh / Souk El Attarine,30,80,30–80 MAD,"Cumin, saffron, ras el hanout, dried rosebuds. Price by weight.",564,846,123.9,fda8f018c7,no,
marrakech_dataset\spices\bing\000047.jpg,000047.jpg,spices,unknown,spices,Spices (per 100g),بهارات,Rahba Kedima / Souk Ableuh / Souk El Attarine,30,80,30–80 MAD,"Cumin, saffron, ras el hanout, dried rosebuds. Price by weight.",1300,956,246.0,4257ce9446,no,
marrakech_dataset\spices\bing\000048.jpg,000048.jpg,spices,unknown,spices,Spices (per 100g),بهارات,Rahba Kedima / Souk Ableuh / Souk El Attarine,30,80,30–80 MAD,"Cumin, saffron, ras el hanout, dried rosebuds. Price by weight.",1300,824,180.5,c96bb96164,no,
marrakech_dataset\spices\bing\000049.jpg,000049.jpg,spices,unknown,spices,Spices (per 100g),بهارات,Rahba Kedima / Souk Ableuh / Souk El Attarine,30,80,30–80 MAD,"Cumin, saffron, ras el hanout, dried rosebuds. Price by weight.",1063,1690,238.1,85c29bdc0b,no,
marrakech_dataset\spices\bing\000050.jpg,000050.jpg,spices,unknown,spices,Spices (per 100g),بهارات,Rahba Kedima / Souk Ableuh / Souk El Attarine,30,80,30–80 MAD,"Cumin, saffron, ras el hanout, dried rosebuds. Price by weight.",866,1390,89.3,4d96662773,no,
marrakech_dataset\spices\bing\000051.jpg,000051.jpg,spices,unknown,spices,Spices (per 100g),بهارات,Rahba Kedima / Souk Ableuh / Souk El Attarine,30,80,30–80 MAD,"Cumin, saffron, ras el hanout, dried rosebuds. Price by weight.",626,626,123.5,0446a9a318,no,
marrakech_dataset\spices\bing\000052.jpg,000052.jpg,spices,unknown,spices,Spices (per 100g),بهارات,Rahba Kedima / Souk Ableuh / Souk El Attarine,30,80,30–80 MAD,"Cumin, saffron, ras el hanout, dried rosebuds. Price by weight.",626,626,162.2,ae0270e2da,no,
marrakech_dataset\spices\bing\000053.jpg,000053.jpg,spices,unknown,spices,Spices (per 100g),بهارات,Rahba Kedima / Souk Ableuh / Souk El Attarine,30,80,30–80 MAD,"Cumin, saffron, ras el hanout, dried rosebuds. Price by weight.",1600,1157,322.9,6367f84a53,no,
marrakech_dataset\spices\bing\000054.jpg,000054.jpg,spices,unknown,spices,Spices (per 100g),بهارات,Rahba Kedima / Souk Ableuh / Souk El Attarine,30,80,30–80 MAD,"Cumin, saffron, ras el hanout, dried rosebuds. Price by weight.",720,720,192.5,cb0451de37,no,
marrakech_dataset\spices\bing\000055.jpg,000055.jpg,spices,unknown,spices,Spices (per 100g),بهارات,Rahba Kedima / Souk Ableuh / Souk El Attarine,30,80,30–80 MAD,"Cumin, saffron, ras el hanout, dried rosebuds. Price by weight.",800,514,259.0,4749bf5a8e,no,
marrakech_dataset\spices\bing\000056.jpg,000056.jpg,spices,unknown,spices,Spices (per 100g),بهارات,Rahba Kedima / Souk Ableuh / Souk El Attarine,30,80,30–80 MAD,"Cumin, saffron, ras el hanout, dried rosebuds. Price by weight.",600,600,183.5,aa3c1fad49,no,
marrakech_dataset\spices\bing\000057.jpg,000057.jpg,spices,unknown,spices,Spices (per 100g),بهارات,Rahba Kedima / Souk Ableuh / Souk El Attarine,30,80,30–80 MAD,"Cumin, saffron, ras el hanout, dried rosebuds. Price by weight.",600,420,124.7,e736443d75,no,
marrakech_dataset\spices\bing\000058.jpg,000058.jpg,spices,unknown,spices,Spices (per 100g),بهارات,Rahba Kedima / Souk Ableuh / Souk El Attarine,30,80,30–80 MAD,"Cumin, saffron, ras el hanout, dried rosebuds. Price by weight.",1000,1125,176.3,247cd771c5,no,
marrakech_dataset\spices\bing\000059.jpg,000059.jpg,spices,unknown,spices,Spices (per 100g),بهارات,Rahba Kedima / Souk Ableuh / Souk El Attarine,30,80,30–80 MAD,"Cumin, saffron, ras el hanout, dried rosebuds. Price by weight.",1920,1285,184.2,142434b541,no,
marrakech_dataset\spices\bing\000060.jpg,000060.jpg,spices,unknown,spices,Spices (per 100g),بهارات,Rahba Kedima / Souk Ableuh / Souk El Attarine,30,80,30–80 MAD,"Cumin, saffron, ras el hanout, dried rosebuds. Price by weight.",330,350,25.9,d716f6f37a,no,
marrakech_dataset\spices\bing\000061.jpg,000061.jpg,spices,unknown,spices,Spices (per 100g),بهارات,Rahba Kedima / Souk Ableuh / Souk El Attarine,30,80,30–80 MAD,"Cumin, saffron, ras el hanout, dried rosebuds. Price by weight.",840,630,134.3,7068da09bb,no,
marrakech_dataset\spices\bing\000062.jpg,000062.jpg,spices,unknown,spices,Spices (per 100g),بهارات,Rahba Kedima / Souk Ableuh / Souk El Attarine,30,80,30–80 MAD,"Cumin, saffron, ras el hanout, dried rosebuds. Price by weight.",960,1200,246.0,14d0d4cfae,no,
marrakech_dataset\spices\bing\000063.jpg,000063.jpg,spices,unknown,spices,Spices (per 100g),بهارات,Rahba Kedima / Souk Ableuh / Souk El Attarine,30,80,30–80 MAD,"Cumin, saffron, ras el hanout, dried rosebuds. Price by weight.",1200,700,98.3,b4f4c0d1b7,no,
marrakech_dataset\spices\bing\000064.jpg,000064.jpg,spices,unknown,spices,Spices (per 100g),بهارات,Rahba Kedima / Souk Ableuh / Souk El Attarine,30,80,30–80 MAD,"Cumin, saffron, ras el hanout, dried rosebuds. Price by weight.",1440,2560,828.2,3db6771aa4,no,
marrakech_dataset\spices\bing\000065.jpg,000065.jpg,spices,unknown,spices,Spices (per 100g),بهارات,Rahba Kedima / Souk Ableuh / Souk El Attarine,30,80,30–80 MAD,"Cumin, saffron, ras el hanout, dried rosebuds. Price by weight.",800,800,95.6,aa5fae96cd,no,
marrakech_dataset\spices\bing\000066.jpg,000066.jpg,spices,unknown,spices,Spices (per 100g),بهارات,Rahba Kedima / Souk Ableuh / Souk El Attarine,30,80,30–80 MAD,"Cumin, saffron, ras el hanout, dried rosebuds. Price by weight.",5760,3840,2366.3,054f489c06,no,
marrakech_dataset\spices\bing\000067.jpg,000067.jpg,spices,unknown,spices,Spices (per 100g),بهارات,Rahba Kedima / Souk Ableuh / Souk El Attarine,30,80,30–80 MAD,"Cumin, saffron, ras el hanout, dried rosebuds. Price by weight.",2816,1880,2008.4,5dcef3fcff,no,
marrakech_dataset\spices\bing\000068.jpg,000068.jpg,spices,unknown,spices,Spices (per 100g),بهارات,Rahba Kedima / Souk Ableuh / Souk El Attarine,30,80,30–80 MAD,"Cumin, saffron, ras el hanout, dried rosebuds. Price by weight.",866,1390,199.5,ed15de1fb3,no,
marrakech_dataset\spices\bing\000069.jpg,000069.jpg,spices,unknown,spices,Spices (per 100g),بهارات,Rahba Kedima / Souk Ableuh / Souk El Attarine,30,80,30–80 MAD,"Cumin, saffron, ras el hanout, dried rosebuds. Price by weight.",1536,2048,637.5,c15507c9c6,no,
marrakech_dataset\spices\bing\000070.jpg,000070.jpg,spices,unknown,spices,Spices (per 100g),بهارات,Rahba Kedima / Souk Ableuh / Souk El Attarine,30,80,30–80 MAD,"Cumin, saffron, ras el hanout, dried rosebuds. Price by weight.",924,1231,1245.7,e9e47c487b,no,
marrakech_dataset\spices\bing\000071.jpg,000071.jpg,spices,unknown,spices,Spices (per 100g),بهارات,Rahba Kedima / Souk Ableuh / Souk El Attarine,30,80,30–80 MAD,"Cumin, saffron, ras el hanout, dried rosebuds. Price by weight.",2048,1360,451.6,82cddac932,no,
marrakech_dataset\spices\bing\000072.jpg,000072.jpg,spices,unknown,spices,Spices (per 100g),بهارات,Rahba Kedima / Souk Ableuh / Souk El Attarine,30,80,30–80 MAD,"Cumin, saffron, ras el hanout, dried rosebuds. Price by weight.",626,417,117.4,802ea30338,no,
marrakech_dataset\spices\bing\000073.jpg,000073.jpg,spices,unknown,spices,Spices (per 100g),بهارات,Rahba Kedima / Souk Ableuh / Souk El Attarine,30,80,30–80 MAD,"Cumin, saffron, ras el hanout, dried rosebuds. Price by weight.",626,417,73.8,b7f434b45b,no,
marrakech_dataset\spices\bing\000074.jpg,000074.jpg,spices,unknown,spices,Spices (per 100g),بهارات,Rahba Kedima / Souk Ableuh / Souk El Attarine,30,80,30–80 MAD,"Cumin, saffron, ras el hanout, dried rosebuds. Price by weight.",626,417,90.4,6210c655e5,no,
marrakech_dataset\spices\bing\000075.jpg,000075.jpg,spices,unknown,spices,Spices (per 100g),بهارات,Rahba Kedima / Souk Ableuh / Souk El Attarine,30,80,30–80 MAD,"Cumin, saffron, ras el hanout, dried rosebuds. Price by weight.",626,417,117.7,2135cbc8f4,no,
marrakech_dataset\spices\bing\000076.jpg,000076.jpg,spices,unknown,spices,Spices (per 100g),بهارات,Rahba Kedima / Souk Ableuh / Souk El Attarine,30,80,30–80 MAD,"Cumin, saffron, ras el hanout, dried rosebuds. Price by weight.",800,533,87.1,b17bf3ce5f,no,
marrakech_dataset\spices\bing\000077.jpg,000077.jpg,spices,unknown,spices,Spices (per 100g),بهارات,Rahba Kedima / Souk Ableuh / Souk El Attarine,30,80,30–80 MAD,"Cumin, saffron, ras el hanout, dried rosebuds. Price by weight.",1300,1032,262.8,1888435904,no,
marrakech_dataset\spices\bing\000078.jpg,000078.jpg,spices,unknown,spices,Spices (per 100g),بهارات,Rahba Kedima / Souk Ableuh / Souk El Attarine,30,80,30–80 MAD,"Cumin, saffron, ras el hanout, dried rosebuds. Price by weight.",1600,1157,219.3,6cdc780257,no,
marrakech_dataset\spices\bing\000079.jpg,000079.jpg,spices,unknown,spices,Spices (per 100g),بهارات,Rahba Kedima / Souk Ableuh / Souk El Attarine,30,80,30–80 MAD,"Cumin, saffron, ras el hanout, dried rosebuds. Price by weight.",1600,1157,325.7,888d79a4a5,no,
marrakech_dataset\spices\bing\000080.jpg,000080.jpg,spices,unknown,spices,Spices (per 100g),بهارات,Rahba Kedima / Souk Ableuh / Souk El Attarine,30,80,30–80 MAD,"Cumin, saffron, ras el hanout, dried rosebuds. Price by weight.",1600,1157,143.5,5e1647f51d,no,
marrakech_dataset\spices\bing\000081.jpg,000081.jpg,spices,unknown,spices,Spices (per 100g),بهارات,Rahba Kedima / Souk Ableuh / Souk El Attarine,30,80,30–80 MAD,"Cumin, saffron, ras el hanout, dried rosebuds. Price by weight.",1300,922,216.5,0d63822b5b,no,
marrakech_dataset\spices\bing\000082.jpg,000082.jpg,spices,unknown,spices,Spices (per 100g),بهارات,Rahba Kedima / Souk Ableuh / Souk El Attarine,30,80,30–80 MAD,"Cumin, saffron, ras el hanout, dried rosebuds. Price by weight.",626,417,112.6,6ac8231564,no,
marrakech_dataset\spices\bing\000083.jpg,000083.jpg,spices,unknown,spices,Spices (per 100g),بهارات,Rahba Kedima / Souk Ableuh / Souk El Attarine,30,80,30–80 MAD,"Cumin, saffron, ras el hanout, dried rosebuds. Price by weight.",800,534,85.3,3e1abf6403,no,
marrakech_dataset\spices\bing\000084.jpg,000084.jpg,spices,unknown,spices,Spices (per 100g),بهارات,Rahba Kedima / Souk Ableuh / Souk El Attarine,30,80,30–80 MAD,"Cumin, saffron, ras el hanout, dried rosebuds. Price by weight.",1600,1157,196.2,d729e77300,no,
marrakech_dataset\spices\bing\000085.jpg,000085.jpg,spices,unknown,spices,Spices (per 100g),بهارات,Rahba Kedima / Souk Ableuh / Souk El Attarine,30,80,30–80 MAD,"Cumin, saffron, ras el hanout, dried rosebuds. Price by weight.",1300,954,190.9,0d7cbc1d02,no,
marrakech_dataset\spices\bing\000086.jpg,000086.jpg,spices,unknown,spices,Spices (per 100g),بهارات,Rahba Kedima / Souk Ableuh / Souk El Attarine,30,80,30–80 MAD,"Cumin, saffron, ras el hanout, dried rosebuds. Price by weight.",626,417,104.6,3d3a1a483c,no,
marrakech_dataset\spices\bing\000087.jpg,000087.jpg,spices,unknown,spices,Spices (per 100g),بهارات,Rahba Kedima / Souk Ableuh / Souk El Attarine,30,80,30–80 MAD,"Cumin, saffron, ras el hanout, dried rosebuds. Price by weight.",1300,956,271.5,607156f78d,no,
marrakech_dataset\spices\bing\000088.jpg,000088.jpg,spices,unknown,spices,Spices (per 100g),بهارات,Rahba Kedima / Souk Ableuh / Souk El Attarine,30,80,30–80 MAD,"Cumin, saffron, ras el hanout, dried rosebuds. Price by weight.",1500,1101,921.5,131ddb61e8,no,
marrakech_dataset\spices\bing\000089.jpg,000089.jpg,spices,unknown,spices,Spices (per 100g),بهارات,Rahba Kedima / Souk Ableuh / Souk El Attarine,30,80,30–80 MAD,"Cumin, saffron, ras el hanout, dried rosebuds. Price by weight.",866,1390,320.2,ce37b30bc1,no,
marrakech_dataset\spices\bing\000090.jpg,000090.jpg,spices,unknown,spices,Spices (per 100g),بهارات,Rahba Kedima / Souk Ableuh / Souk El Attarine,30,80,30–80 MAD,"Cumin, saffron, ras el hanout, dried rosebuds. Price by weight.",800,534,83.7,a4c03af504,no,
marrakech_dataset\spices\bing\000091.jpg,000091.jpg,spices,unknown,spices,Spices (per 100g),بهارات,Rahba Kedima / Souk Ableuh / Souk El Attarine,30,80,30–80 MAD,"Cumin, saffron, ras el hanout, dried rosebuds. Price by weight.",1300,956,278.1,ce102e0af3,no,
marrakech_dataset\spices\bing\000092.jpg,000092.jpg,spices,unknown,spices,Spices (per 100g),بهارات,Rahba Kedima / Souk Ableuh / Souk El Attarine,30,80,30–80 MAD,"Cumin, saffron, ras el hanout, dried rosebuds. Price by weight.",1300,956,283.4,af5e0d7c4c,no,
marrakech_dataset\spices\bing\000093.jpg,000093.jpg,spices,unknown,spices,Spices (per 100g),بهارات,Rahba Kedima / Souk Ableuh / Souk El Attarine,30,80,30–80 MAD,"Cumin, saffron, ras el hanout, dried rosebuds. Price by weight.",1300,956,162.4,16c9741e55,no,
marrakech_dataset\spices\bing\000094.jpg,000094.jpg,spices,unknown,spices,Spices (per 100g),بهارات,Rahba Kedima / Souk Ableuh / Souk El Attarine,30,80,30–80 MAD,"Cumin, saffron, ras el hanout, dried rosebuds. Price by weight.",1300,956,217.2,b9903ced6b,no,
marrakech_dataset\spices\bing\000095.jpg,000095.jpg,spices,unknown,spices,Spices (per 100g),بهارات,Rahba Kedima / Souk Ableuh / Souk El Attarine,30,80,30–80 MAD,"Cumin, saffron, ras el hanout, dried rosebuds. Price by weight.",1300,956,160.3,dd18d42ade,no,
marrakech_dataset\spices\bing\000096.jpg,000096.jpg,spices,unknown,spices,Spices (per 100g),بهارات,Rahba Kedima / Souk Ableuh / Souk El Attarine,30,80,30–80 MAD,"Cumin, saffron, ras el hanout, dried rosebuds. Price by weight.",1300,956,198.7,0b2dc040ac,no,
marrakech_dataset\spices\bing\000097.jpg,000097.jpg,spices,unknown,spices,Spices (per 100g),بهارات,Rahba Kedima / Souk Ableuh / Souk El Attarine,30,80,30–80 MAD,"Cumin, saffron, ras el hanout, dried rosebuds. Price by weight.",1300,956,188.0,978075fdd0,no,
marrakech_dataset\spices\bing\000098.jpg,000098.jpg,spices,unknown,spices,Spices (per 100g),بهارات,Rahba Kedima / Souk Ableuh / Souk El Attarine,30,80,30–80 MAD,"Cumin, saffron, ras el hanout, dried rosebuds. Price by weight.",1300,956,195.1,a19a2eb2c1,no,
marrakech_dataset\spices\bing\000099.jpg,000099.jpg,spices,unknown,spices,Spices (per 100g),بهارات,Rahba Kedima / Souk Ableuh / Souk El Attarine,30,80,30–80 MAD,"Cumin, saffron, ras el hanout, dried rosebuds. Price by weight.",1500,1101,857.2,740a467bbd,no,
marrakech_dataset\spices\bing\000100.jpg,000100.jpg,spices,unknown,spices,Spices (per 100g),بهارات,Rahba Kedima / Souk Ableuh / Souk El Attarine,30,80,30–80 MAD,"Cumin, saffron, ras el hanout, dried rosebuds. Price by weight.",1300,954,124.8,20b3d8b7d2,no,
marrakech_dataset\price_tags\bing\000001.jpg,000001.jpg,price_tags,unknown,price_tags,Perfume / Solid Musk,عطر / مسك,Souk El Attarine / Maison De La Parfum Marrakech,50,300,50–300 MAD,Sold as stones or essential oils.,626,417,110.2,c1a768cd23,no,
marrakech_dataset\price_tags\bing\000002.jpg,000002.jpg,price_tags,unknown,price_tags,Perfume / Solid Musk,عطر / مسك,Souk El Attarine / Maison De La Parfum Marrakech,50,300,50–300 MAD,Sold as stones or essential oils.,626,417,108.7,0229587bd4,no,
marrakech_dataset\price_tags\bing\000003.jpg,000003.jpg,price_tags,unknown,price_tags,Perfume / Solid Musk,عطر / مسك,Souk El Attarine / Maison De La Parfum Marrakech,50,300,50–300 MAD,Sold as stones or essential oils.,626,417,97.6,6e887d818d,no,
marrakech_dataset\price_tags\bing\000004.jpg,000004.jpg,price_tags,unknown,price_tags,Perfume / Solid Musk,عطر / مسك,Souk El Attarine / Maison De La Parfum Marrakech,50,300,50–300 MAD,Sold as stones or essential oils.,626,417,112.4,5d04293f22,no,
marrakech_dataset\price_tags\bing\000005.jpg,000005.jpg,price_tags,unknown,price_tags,Perfume / Solid Musk,عطر / مسك,Souk El Attarine / Maison De La Parfum Marrakech,50,300,50–300 MAD,Sold as stones or essential oils.,626,417,110.1,cb860bbb00,no,
marrakech_dataset\price_tags\bing\000006.jpg,000006.jpg,price_tags,unknown,price_tags,Perfume / Solid Musk,عطر / مسك,Souk El Attarine / Maison De La Parfum Marrakech,50,300,50–300 MAD,Sold as stones or essential oils.,1600,1157,290.4,4146933dcd,no,
marrakech_dataset\price_tags\bing\000007.jpg,000007.jpg,price_tags,unknown,price_tags,Perfume / Solid Musk,عطر / مسك,Souk El Attarine / Maison De La Parfum Marrakech,50,300,50–300 MAD,Sold as stones or essential oils.,800,534,100.5,d546ab6124,no,
marrakech_dataset\price_tags\bing\000008.jpg,000008.jpg,price_tags,unknown,price_tags,Perfume / Solid Musk,عطر / مسك,Souk El Attarine / Maison De La Parfum Marrakech,50,300,50–300 MAD,Sold as stones or essential oils.,1200,800,288.1,44ad645faf,no,
marrakech_dataset\price_tags\bing\000009.jpg,000009.jpg,price_tags,unknown,price_tags,Perfume / Solid Musk,عطر / مسك,Souk El Attarine / Maison De La Parfum Marrakech,50,300,50–300 MAD,Sold as stones or essential oils.,1024,683,217.8,fe747d9071,no,
marrakech_dataset\price_tags\bing\000010.jpg,000010.jpg,price_tags,unknown,price_tags,Perfume / Solid Musk,عطر / مسك,Souk El Attarine / Maison De La Parfum Marrakech,50,300,50–300 MAD,Sold as stones or essential oils.,890,720,167.7,fe943abdfa,no,
marrakech_dataset\price_tags\bing\000011.jpg,000011.jpg,price_tags,unknown,price_tags,Perfume / Solid Musk,عطر / مسك,Souk El Attarine / Maison De La Parfum Marrakech,50,300,50–300 MAD,Sold as stones or essential oils.,626,351,105.5,44e6ee6182,no,
marrakech_dataset\price_tags\bing\000012.jpg,000012.jpg,price_tags,unknown,price_tags,Perfume / Solid Musk,عطر / مسك,Souk El Attarine / Maison De La Parfum Marrakech,50,300,50–300 MAD,Sold as stones or essential oils.,736,736,342.7,9d800a4f13,no,
marrakech_dataset\price_tags\bing\000013.jpg,000013.jpg,price_tags,unknown,price_tags,Perfume / Solid Musk,عطر / مسك,Souk El Attarine / Maison De La Parfum Marrakech,50,300,50–300 MAD,Sold as stones or essential oils.,626,351,84.9,1dfa52e037,no,
marrakech_dataset\price_tags\bing\000014.jpg,000014.jpg,price_tags,unknown,price_tags,Perfume / Solid Musk,عطر / مسك,Souk El Attarine / Maison De La Parfum Marrakech,50,300,50–300 MAD,Sold as stones or essential oils.,1600,990,232.8,88bc0058c3,no,
marrakech_dataset\price_tags\bing\000015.jpg,000015.jpg,price_tags,unknown,price_tags,Perfume / Solid Musk,عطر / مسك,Souk El Attarine / Maison De La Parfum Marrakech,50,300,50–300 MAD,Sold as stones or essential oils.,1024,683,165.3,d8bd000e36,no,
marrakech_dataset\price_tags\bing\000016.jpg,000016.jpg,price_tags,unknown,price_tags,Perfume / Solid Musk,عطر / مسك,Souk El Attarine / Maison De La Parfum Marrakech,50,300,50–300 MAD,Sold as stones or essential oils.,1000,750,777.0,ac204a0436,no,
marrakech_dataset\price_tags\bing\000017.jpg,000017.jpg,price_tags,unknown,price_tags,Perfume / Solid Musk,عطر / مسك,Souk El Attarine / Maison De La Parfum Marrakech,50,300,50–300 MAD,Sold as stones or essential oils.,1200,853,225.1,180407d544,no,
marrakech_dataset\price_tags\bing\000018.jpg,000018.jpg,price_tags,unknown,price_tags,Perfume / Solid Musk,عطر / مسك,Souk El Attarine / Maison De La Parfum Marrakech,50,300,50–300 MAD,Sold as stones or essential oils.,626,351,84.2,7d2102699f,no,
marrakech_dataset\price_tags\bing\000019.jpg,000019.jpg,price_tags,unknown,price_tags,Perfume / Solid Musk,عطر / مسك,Souk El Attarine / Maison De La Parfum Marrakech,50,300,50–300 MAD,Sold as stones or essential oils.,1300,956,243.6,1259cb12af,no,
marrakech_dataset\price_tags\bing\000020.jpg,000020.jpg,price_tags,unknown,price_tags,Perfume / Solid Musk,عطر / مسك,Souk El Attarine / Maison De La Parfum Marrakech,50,300,50–300 MAD,Sold as stones or essential oils.,626,626,121.5,bfef7e4682,no,
marrakech_dataset\price_tags\bing\000021.jpg,000021.jpg,price_tags,unknown,price_tags,Perfume / Solid Musk,عطر / مسك,Souk El Attarine / Maison De La Parfum Marrakech,50,300,50–300 MAD,Sold as stones or essential oils.,1500,1098,689.2,d47bc025bb,no,
marrakech_dataset\price_tags\bing\000022.jpg,000022.jpg,price_tags,unknown,price_tags,Perfume / Solid Musk,عطر / مسك,Souk El Attarine / Maison De La Parfum Marrakech,50,300,50–300 MAD,Sold as stones or essential oils.,700,875,101.7,796eccac48,no,
marrakech_dataset\price_tags\bing\000023.jpg,000023.jpg,price_tags,unknown,price_tags,Perfume / Solid Musk,عطر / مسك,Souk El Attarine / Maison De La Parfum Marrakech,50,300,50–300 MAD,Sold as stones or essential oils.,626,626,99.2,bc149857e1,no,
marrakech_dataset\price_tags\bing\000024.jpg,000024.jpg,price_tags,unknown,price_tags,Perfume / Solid Musk,عطر / مسك,Souk El Attarine / Maison De La Parfum Marrakech,50,300,50–300 MAD,Sold as stones or essential oils.,1300,956,231.8,456bcc9234,no,
marrakech_dataset\price_tags\bing\000025.jpg,000025.jpg,price_tags,unknown,price_tags,Perfume / Solid Musk,عطر / مسك,Souk El Attarine / Maison De La Parfum Marrakech,50,300,50–300 MAD,Sold as stones or essential oils.,1300,956,258.4,91416689a1,no,
marrakech_dataset\price_tags\bing\000026.jpg,000026.jpg,price_tags,unknown,price_tags,Perfume / Solid Musk,عطر / مسك,Souk El Attarine / Maison De La Parfum Marrakech,50,300,50–300 MAD,Sold as stones or essential oils.,1200,600,277.9,b9bf31db8d,no,
marrakech_dataset\price_tags\bing\000027.jpg,000027.jpg,price_tags,unknown,price_tags,Perfume / Solid Musk,عطر / مسك,Souk El Attarine / Maison De La Parfum Marrakech,50,300,50–300 MAD,Sold as stones or essential oils.,1023,1464,461.8,481faa957b,no,
marrakech_dataset\price_tags\bing\000028.jpg,000028.jpg,price_tags,unknown,price_tags,Perfume / Solid Musk,عطر / مسك,Souk El Attarine / Maison De La Parfum Marrakech,50,300,50–300 MAD,Sold as stones or essential oils.,800,659,116.5,564193236b,no,
marrakech_dataset\price_tags\bing\000029.jpg,000029.jpg,price_tags,unknown,price_tags,Perfume / Solid Musk,عطر / مسك,Souk El Attarine / Maison De La Parfum Marrakech,50,300,50–300 MAD,Sold as stones or essential oils.,768,526,115.3,cf41e02c2f,no,
marrakech_dataset\price_tags\bing\000030.jpg,000030.jpg,price_tags,unknown,price_tags,Perfume / Solid Musk,عطر / مسك,Souk El Attarine / Maison De La Parfum Marrakech,50,300,50–300 MAD,Sold as stones or essential oils.,1200,800,224.5,ccc075854a,no,
marrakech_dataset\price_tags\bing\000031.jpg,000031.jpg,price_tags,unknown,price_tags,Perfume / Solid Musk,عطر / مسك,Souk El Attarine / Maison De La Parfum Marrakech,50,300,50–300 MAD,Sold as stones or essential oils.,299,470,69.3,b2a78ca498,no,
marrakech_dataset\price_tags\bing\000032.jpg,000032.jpg,price_tags,unknown,price_tags,Perfume / Solid Musk,عطر / مسك,Souk El Attarine / Maison De La Parfum Marrakech,50,300,50–300 MAD,Sold as stones or essential oils.,1300,955,205.9,4a11c0d518,no,
marrakech_dataset\price_tags\bing\000033.jpg,000033.jpg,price_tags,unknown,price_tags,Perfume / Solid Musk,عطر / مسك,Souk El Attarine / Maison De La Parfum Marrakech,50,300,50–300 MAD,Sold as stones or essential oils.,1300,1390,509.2,b0320fce0c,no,
marrakech_dataset\price_tags\bing\000034.jpg,000034.jpg,price_tags,unknown,price_tags,Perfume / Solid Musk,عطر / مسك,Souk El Attarine / Maison De La Parfum Marrakech,50,300,50–300 MAD,Sold as stones or essential oils.,626,626,34.7,6483e3b194,no,
marrakech_dataset\price_tags\bing\000035.jpg,000035.jpg,price_tags,unknown,price_tags,Perfume / Solid Musk,عطر / مسك,Souk El Attarine / Maison De La Parfum Marrakech,50,300,50–300 MAD,Sold as stones or essential oils.,900,600,122.9,aa786a5217,no,
marrakech_dataset\price_tags\bing\000036.jpg,000036.jpg,price_tags,unknown,price_tags,Perfume / Solid Musk,عطر / مسك,Souk El Attarine / Maison De La Parfum Marrakech,50,300,50–300 MAD,Sold as stones or essential oils.,400,1750,226.9,357f32a5b1,no,
marrakech_dataset\price_tags\bing\000037.jpg,000037.jpg,price_tags,unknown,price_tags,Perfume / Solid Musk,عطر / مسك,Souk El Attarine / Maison De La Parfum Marrakech,50,300,50–300 MAD,Sold as stones or essential oils.,1080,1350,247.8,16e11c483a,no,
marrakech_dataset\price_tags\bing\000038.jpg,000038.jpg,price_tags,unknown,price_tags,Perfume / Solid Musk,عطر / مسك,Souk El Attarine / Maison De La Parfum Marrakech,50,300,50–300 MAD,Sold as stones or essential oils.,1300,1390,67.0,33528b4779,no,
marrakech_dataset\price_tags\bing\000039.jpg,000039.jpg,price_tags,unknown,price_tags,Perfume / Solid Musk,عطر / مسك,Souk El Attarine / Maison De La Parfum Marrakech,50,300,50–300 MAD,Sold as stones or essential oils.,728,1092,482.7,e266313353,no,
marrakech_dataset\price_tags\bing\000040.jpg,000040.jpg,price_tags,unknown,price_tags,Perfume / Solid Musk,عطر / مسك,Souk El Attarine / Maison De La Parfum Marrakech,50,300,50–300 MAD,Sold as stones or essential oils.,800,806,157.7,b3b4d4bdc7,no,
marrakech_dataset\price_tags\bing\000041.jpg,000041.jpg,price_tags,unknown,price_tags,Perfume / Solid Musk,عطر / مسك,Souk El Attarine / Maison De La Parfum Marrakech,50,300,50–300 MAD,Sold as stones or essential oils.,2560,1707,1567.8,0c43dcf5b3,no,
marrakech_dataset\price_tags\bing\000042.jpg,000042.jpg,price_tags,unknown,price_tags,Perfume / Solid Musk,عطر / مسك,Souk El Attarine / Maison De La Parfum Marrakech,50,300,50–300 MAD,Sold as stones or essential oils.,799,533,183.3,7aab382734,no,
marrakech_dataset\price_tags\bing\000043.jpg,000043.jpg,price_tags,unknown,price_tags,Perfume / Solid Musk,عطر / مسك,Souk El Attarine / Maison De La Parfum Marrakech,50,300,50–300 MAD,Sold as stones or essential oils.,754,390,37.2,0b574bcc3d,no,
marrakech_dataset\price_tags\bing\000044.jpg,000044.jpg,price_tags,unknown,price_tags,Perfume / Solid Musk,عطر / مسك,Souk El Attarine / Maison De La Parfum Marrakech,50,300,50–300 MAD,Sold as stones or essential oils.,626,417,110.4,131a156280,no,
marrakech_dataset\price_tags\bing\000045.jpg,000045.jpg,price_tags,unknown,price_tags,Perfume / Solid Musk,عطر / مسك,Souk El Attarine / Maison De La Parfum Marrakech,50,300,50–300 MAD,Sold as stones or essential oils.,4608,3456,1380.6,db9fe68463,no,
marrakech_dataset\price_tags\bing\000046.jpg,000046.jpg,price_tags,unknown,price_tags,Perfume / Solid Musk,عطر / مسك,Souk El Attarine / Maison De La Parfum Marrakech,50,300,50–300 MAD,Sold as stones or essential oils.,1000,667,312.4,e8ad5e88f4,no,
marrakech_dataset\price_tags\bing\000047.jpg,000047.jpg,price_tags,unknown,price_tags,Perfume / Solid Musk,عطر / مسك,Souk El Attarine / Maison De La Parfum Marrakech,50,300,50–300 MAD,Sold as stones or essential oils.,1300,956,343.4,94ee61f2e6,no,
marrakech_dataset\price_tags\bing\000048.jpg,000048.jpg,price_tags,unknown,price_tags,Perfume / Solid Musk,عطر / مسك,Souk El Attarine / Maison De La Parfum Marrakech,50,300,50–300 MAD,Sold as stones or essential oils.,1300,956,274.0,6fd66f5d32,no,
marrakech_dataset\price_tags\bing\000049.jpg,000049.jpg,price_tags,unknown,price_tags,Perfume / Solid Musk,عطر / مسك,Souk El Attarine / Maison De La Parfum Marrakech,50,300,50–300 MAD,Sold as stones or essential oils.,960,636,183.3,d155ac472b,no,
marrakech_dataset\price_tags\bing\000050.jpg,000050.jpg,price_tags,unknown,price_tags,Perfume / Solid Musk,عطر / مسك,Souk El Attarine / Maison De La Parfum Marrakech,50,300,50–300 MAD,Sold as stones or essential oils.,960,636,184.8,c9acfe9f6f,no,
marrakech_dataset\price_tags\bing\000051.jpg,000051.jpg,price_tags,unknown,price_tags,Perfume / Solid Musk,عطر / مسك,Souk El Attarine / Maison De La Parfum Marrakech,50,300,50–300 MAD,Sold as stones or essential oils.,1300,957,220.7,e6bd91bf8f,no,
marrakech_dataset\price_tags\bing\000052.jpg,000052.jpg,price_tags,unknown,price_tags,Perfume / Solid Musk,عطر / مسك,Souk El Attarine / Maison De La Parfum Marrakech,50,300,50–300 MAD,Sold as stones or essential oils.,1300,956,266.9,3073cb30cd,no,
marrakech_dataset\price_tags\bing\000053.jpg,000053.jpg,price_tags,unknown,price_tags,Perfume / Solid Musk,عطر / مسك,Souk El Attarine / Maison De La Parfum Marrakech,50,300,50–300 MAD,Sold as stones or essential oils.,900,600,180.2,b79263d84c,no,
marrakech_dataset\price_tags\bing\000054.jpg,000054.jpg,price_tags,unknown,price_tags,Perfume / Solid Musk,عطر / مسك,Souk El Attarine / Maison De La Parfum Marrakech,50,300,50–300 MAD,Sold as stones or essential oils.,866,1390,258.5,991e68d8fa,no,
marrakech_dataset\price_tags\bing\000055.jpg,000055.jpg,price_tags,unknown,price_tags,Perfume / Solid Musk,عطر / مسك,Souk El Attarine / Maison De La Parfum Marrakech,50,300,50–300 MAD,Sold as stones or essential oils.,1300,956,277.3,b943bcdc32,no,
marrakech_dataset\price_tags\bing\000056.jpg,000056.jpg,price_tags,unknown,price_tags,Perfume / Solid Musk,عطر / مسك,Souk El Attarine / Maison De La Parfum Marrakech,50,300,50–300 MAD,Sold as stones or essential oils.,1200,651,245.4,64a8402618,no,
marrakech_dataset\price_tags\bing\000057.jpg,000057.jpg,price_tags,unknown,price_tags,Perfume / Solid Musk,عطر / مسك,Souk El Attarine / Maison De La Parfum Marrakech,50,300,50–300 MAD,Sold as stones or essential oils.,1000,666,156.5,e551e21251,no,
marrakech_dataset\price_tags\bing\000058.jpg,000058.jpg,price_tags,unknown,price_tags,Perfume / Solid Musk,عطر / مسك,Souk El Attarine / Maison De La Parfum Marrakech,50,300,50–300 MAD,Sold as stones or essential oils.,800,800,241.0,b399e8a626,no,
marrakech_dataset\price_tags\bing\000059.jpg,000059.jpg,price_tags,unknown,price_tags,Perfume / Solid Musk,عطر / مسك,Souk El Attarine / Maison De La Parfum Marrakech,50,300,50–300 MAD,Sold as stones or essential oils.,1600,1157,208.9,31c4eb1343,no,
marrakech_dataset\price_tags\bing\000060.jpg,000060.jpg,price_tags,unknown,price_tags,Perfume / Solid Musk,عطر / مسك,Souk El Attarine / Maison De La Parfum Marrakech,50,300,50–300 MAD,Sold as stones or essential oils.,1000,1000,148.6,0bfe9d5fa2,no,
marrakech_dataset\price_tags\bing\000061.jpg,000061.jpg,price_tags,unknown,price_tags,Perfume / Solid Musk,عطر / مسك,Souk El Attarine / Maison De La Parfum Marrakech,50,300,50–300 MAD,Sold as stones or essential oils.,790,450,91.8,453bcdc2c8,no,
marrakech_dataset\price_tags\bing\000062.jpg,000062.jpg,price_tags,unknown,price_tags,Perfume / Solid Musk,عطر / مسك,Souk El Attarine / Maison De La Parfum Marrakech,50,300,50–300 MAD,Sold as stones or essential oils.,1300,1057,244.6,b1409b0be7,no,
marrakech_dataset\price_tags\bing\000063.jpg,000063.jpg,price_tags,unknown,price_tags,Perfume / Solid Musk,عطر / مسك,Souk El Attarine / Maison De La Parfum Marrakech,50,300,50–300 MAD,Sold as stones or essential oils.,1000,1000,277.8,ccbd59455a,no,
marrakech_dataset\price_tags\bing\000064.jpg,000064.jpg,price_tags,unknown,price_tags,Perfume / Solid Musk,عطر / مسك,Souk El Attarine / Maison De La Parfum Marrakech,50,300,50–300 MAD,Sold as stones or essential oils.,1920,600,135.8,bd1b46a6f1,no,
marrakech_dataset\price_tags\bing\000065.jpg,000065.jpg,price_tags,unknown,price_tags,Perfume / Solid Musk,عطر / مسك,Souk El Attarine / Maison De La Parfum Marrakech,50,300,50–300 MAD,Sold as stones or essential oils.,1024,683,187.5,f97c5337fd,no,
marrakech_dataset\price_tags\bing\000066.jpg,000066.jpg,price_tags,unknown,price_tags,Perfume / Solid Musk,عطر / مسك,Souk El Attarine / Maison De La Parfum Marrakech,50,300,50–300 MAD,Sold as stones or essential oils.,443,626,36.7,f37b5d8e61,no,
marrakech_dataset\price_tags\bing\000067.jpg,000067.jpg,price_tags,unknown,price_tags,Perfume / Solid Musk,عطر / مسك,Souk El Attarine / Maison De La Parfum Marrakech,50,300,50–300 MAD,Sold as stones or essential oils.,1023,717,185.6,e94fe04a99,no,
marrakech_dataset\price_tags\bing\000068.jpg,000068.jpg,price_tags,unknown,price_tags,Perfume / Solid Musk,عطر / مسك,Souk El Attarine / Maison De La Parfum Marrakech,50,300,50–300 MAD,Sold as stones or essential oils.,626,626,163.1,c80825c9ce,no,
marrakech_dataset\price_tags\bing\000069.jpg,000069.jpg,price_tags,unknown,price_tags,Perfume / Solid Musk,عطر / مسك,Souk El Attarine / Maison De La Parfum Marrakech,50,300,50–300 MAD,Sold as stones or essential oils.,866,1390,245.5,0fa7f8a51f,no,
marrakech_dataset\price_tags\bing\000070.jpg,000070.jpg,price_tags,unknown,price_tags,Perfume / Solid Musk,عطر / مسك,Souk El Attarine / Maison De La Parfum Marrakech,50,300,50–300 MAD,Sold as stones or essential oils.,626,417,110.4,131a156280,no,
marrakech_dataset\price_tags\bing\000071.jpg,000071.jpg,price_tags,unknown,price_tags,Perfume / Solid Musk,عطر / مسك,Souk El Attarine / Maison De La Parfum Marrakech,50,300,50–300 MAD,Sold as stones or essential oils.,626,417,150.8,bad129d2e3,no,
marrakech_dataset\price_tags\bing\000072.jpg,000072.jpg,price_tags,unknown,price_tags,Perfume / Solid Musk,عطر / مسك,Souk El Attarine / Maison De La Parfum Marrakech,50,300,50–300 MAD,Sold as stones or essential oils.,1024,661,155.9,db75b19a7c,no,
marrakech_dataset\price_tags\bing\000073.jpg,000073.jpg,price_tags,unknown,price_tags,Perfume / Solid Musk,عطر / مسك,Souk El Attarine / Maison De La Parfum Marrakech,50,300,50–300 MAD,Sold as stones or essential oils.,800,383,52.3,568057b628,no,
marrakech_dataset\price_tags\bing\000074.jpg,000074.jpg,price_tags,unknown,price_tags,Perfume / Solid Musk,عطر / مسك,Souk El Attarine / Maison De La Parfum Marrakech,50,300,50–300 MAD,Sold as stones or essential oils.,481,626,135.4,f9f23623a6,no,
marrakech_dataset\price_tags\bing\000075.jpg,000075.jpg,price_tags,unknown,price_tags,Perfume / Solid Musk,عطر / مسك,Souk El Attarine / Maison De La Parfum Marrakech,50,300,50–300 MAD,Sold as stones or essential oils.,1230,720,191.2,ad9dde4863,no,
marrakech_dataset\price_tags\bing\000076.jpg,000076.jpg,price_tags,unknown,price_tags,Perfume / Solid Musk,عطر / مسك,Souk El Attarine / Maison De La Parfum Marrakech,50,300,50–300 MAD,Sold as stones or essential oils.,1300,956,149.7,1c1a4640d7,no,
marrakech_dataset\price_tags\bing\000077.jpg,000077.jpg,price_tags,unknown,price_tags,Perfume / Solid Musk,عطر / مسك,Souk El Attarine / Maison De La Parfum Marrakech,50,300,50–300 MAD,Sold as stones or essential oils.,866,1390,188.9,1f87267cbd,no,
marrakech_dataset\price_tags\bing\000078.jpg,000078.jpg,price_tags,unknown,price_tags,Perfume / Solid Musk,عطر / مسك,Souk El Attarine / Maison De La Parfum Marrakech,50,300,50–300 MAD,Sold as stones or essential oils.,1300,956,220.8,edc76d3429,no,
marrakech_dataset\price_tags\bing\000079.jpg,000079.jpg,price_tags,unknown,price_tags,Perfume / Solid Musk,عطر / مسك,Souk El Attarine / Maison De La Parfum Marrakech,50,300,50–300 MAD,Sold as stones or essential oils.,864,1390,170.3,cfc103b7f4,no,
marrakech_dataset\price_tags\bing\000080.jpg,000080.jpg,price_tags,unknown,price_tags,Perfume / Solid Musk,عطر / مسك,Souk El Attarine / Maison De La Parfum Marrakech,50,300,50–300 MAD,Sold as stones or essential oils.,1200,900,332.9,a4f74a2178,no,
marrakech_dataset\price_tags\bing\000081.jpg,000081.jpg,price_tags,unknown,price_tags,Perfume / Solid Musk,عطر / مسك,Souk El Attarine / Maison De La Parfum Marrakech,50,300,50–300 MAD,Sold as stones or essential oils.,1066,1690,371.5,86ae757f5c,no,
marrakech_dataset\price_tags\bing\000082.jpg,000082.jpg,price_tags,unknown,price_tags,Perfume / Solid Musk,عطر / مسك,Souk El Attarine / Maison De La Parfum Marrakech,50,300,50–300 MAD,Sold as stones or essential oils.,800,450,71.7,54ea8170ba,no,
marrakech_dataset\price_tags\bing\000083.jpg,000083.jpg,price_tags,unknown,price_tags,Perfume / Solid Musk,عطر / مسك,Souk El Attarine / Maison De La Parfum Marrakech,50,300,50–300 MAD,Sold as stones or essential oils.,1300,1065,287.1,209d6048d8,no,
marrakech_dataset\price_tags\bing\000084.jpg,000084.jpg,price_tags,unknown,price_tags,Perfume / Solid Musk,عطر / مسك,Souk El Attarine / Maison De La Parfum Marrakech,50,300,50–300 MAD,Sold as stones or essential oils.,563,280,28.7,d376d4dd8e,no,
marrakech_dataset\price_tags\bing\000085.jpg,000085.jpg,price_tags,unknown,price_tags,Perfume / Solid Musk,عطر / مسك,Souk El Attarine / Maison De La Parfum Marrakech,50,300,50–300 MAD,Sold as stones or essential oils.,1200,675,184.7,8eef7ce1e8,no,
marrakech_dataset\price_tags\bing\000086.jpg,000086.jpg,price_tags,unknown,price_tags,Perfume / Solid Musk,عطر / مسك,Souk El Attarine / Maison De La Parfum Marrakech,50,300,50–300 MAD,Sold as stones or essential oils.,1400,693,436.7,d6b81fade6,no,
marrakech_dataset\price_tags\bing\000087.jpg,000087.jpg,price_tags,unknown,price_tags,Perfume / Solid Musk,عطر / مسك,Souk El Attarine / Maison De La Parfum Marrakech,50,300,50–300 MAD,Sold as stones or essential oils.,2560,1707,1567.8,0c43dcf5b3,no,
marrakech_dataset\price_tags\bing\000088.jpg,000088.jpg,price_tags,unknown,price_tags,Perfume / Solid Musk,عطر / مسك,Souk El Attarine / Maison De La Parfum Marrakech,50,300,50–300 MAD,Sold as stones or essential oils.,1583,660,614.9,bd2ca57966,no,
marrakech_dataset\price_tags\bing\000089.jpg,000089.jpg,price_tags,unknown,price_tags,Perfume / Solid Musk,عطر / مسك,Souk El Attarine / Maison De La Parfum Marrakech,50,300,50–300 MAD,Sold as stones or essential oils.,1040,780,154.8,7996f7ded8,no,
marrakech_dataset\price_tags\bing\000090.jpg,000090.jpg,price_tags,unknown,price_tags,Perfume / Solid Musk,عطر / مسك,Souk El Attarine / Maison De La Parfum Marrakech,50,300,50–300 MAD,Sold as stones or essential oils.,736,981,211.2,d87f25584a,no,
marrakech_dataset\price_tags\bing\000091.jpg,000091.jpg,price_tags,unknown,price_tags,Perfume / Solid Musk,عطر / مسك,Souk El Attarine / Maison De La Parfum Marrakech,50,300,50–300 MAD,Sold as stones or essential oils.,1456,816,267.1,86a027b359,no,
marrakech_dataset\price_tags\bing\000092.jpg,000092.jpg,price_tags,unknown,price_tags,Perfume / Solid Musk,عطر / مسك,Souk El Attarine / Maison De La Parfum Marrakech,50,300,50–300 MAD,Sold as stones or essential oils.,1600,1067,748.0,3888d126ec,no,
marrakech_dataset\price_tags\bing\000093.jpg,000093.jpg,price_tags,unknown,price_tags,Perfume / Solid Musk,عطر / مسك,Souk El Attarine / Maison De La Parfum Marrakech,50,300,50–300 MAD,Sold as stones or essential oils.,1600,1067,627.7,c9f5ffd487,no,
marrakech_dataset\price_tags\bing\000094.jpg,000094.jpg,price_tags,unknown,price_tags,Perfume / Solid Musk,عطر / مسك,Souk El Attarine / Maison De La Parfum Marrakech,50,300,50–300 MAD,Sold as stones or essential oils.,1067,1690,293.0,cbd672ce4c,no,
marrakech_dataset\price_tags\bing\000095.jpg,000095.jpg,price_tags,unknown,price_tags,Perfume / Solid Musk,عطر / مسك,Souk El Attarine / Maison De La Parfum Marrakech,50,300,50–300 MAD,Sold as stones or essential oils.,1600,1066,581.7,58de6f5640,no,
marrakech_dataset\price_tags\bing\000096.jpg,000096.jpg,price_tags,unknown,price_tags,Perfume / Solid Musk,عطر / مسك,Souk El Attarine / Maison De La Parfum Marrakech,50,300,50–300 MAD,Sold as stones or essential oils.,1024,678,200.0,89c46b229d,no,
marrakech_dataset\price_tags\bing\000097.jpg,000097.jpg,price_tags,unknown,price_tags,Perfume / Solid Musk,عطر / مسك,Souk El Attarine / Maison De La Parfum Marrakech,50,300,50–300 MAD,Sold as stones or essential oils.,1290,890,306.6,96ce0ccfee,no,
marrakech_dataset\price_tags\bing\000098.jpg,000098.jpg,price_tags,unknown,price_tags,Perfume / Solid Musk,عطر / مسك,Souk El Attarine / Maison De La Parfum Marrakech,50,300,50–300 MAD,Sold as stones or essential oils.,844,1500,237.0,ee799bfd1e,no,
marrakech_dataset\price_tags\bing\000099.jpg,000099.jpg,price_tags,unknown,price_tags,Perfume / Solid Musk,عطر / مسك,Souk El Attarine / Maison De La Parfum Marrakech,50,300,50–300 MAD,Sold as stones or essential oils.,2000,1123,432.7,4f19eef547,no,
marrakech_dataset\price_tags\bing\000100.jpg,000100.jpg,price_tags,unknown,price_tags,Perfume / Solid Musk,عطر / مسك,Souk El Attarine / Maison De La Parfum Marrakech,50,300,50–300 MAD,Sold as stones or essential oils.,719,480,750.5,9672941e34,no,
marrakech_dataset\leather\bing\000001.jpg,000001.jpg,leather,unknown,leather,Leather Slippers (Babouches),بلغة,Souk Smata / Souk Cherratine,80,150,80–150 MAD,Traditional pointed-toe leather slippers. Price rises with embroidery quality.,866,1390,245.5,0fa7f8a51f,no,
marrakech_dataset\leather\bing\000002.jpg,000002.jpg,leather,unknown,leather,Leather Slippers (Babouches),بلغة,Souk Smata / Souk Cherratine,80,150,80–150 MAD,Traditional pointed-toe leather slippers. Price rises with embroidery quality.,866,1390,316.5,04ca0c7d36,no,
marrakech_dataset\leather\bing\000003.jpg,000003.jpg,leather,unknown,leather,Leather Slippers (Babouches),بلغة,Souk Smata / Souk Cherratine,80,150,80–150 MAD,Traditional pointed-toe leather slippers. Price rises with embroidery quality.,866,1390,190.9,d80b951bcb,no,
marrakech_dataset\leather\bing\000004.jpg,000004.jpg,leather,unknown,leather,Leather Slippers (Babouches),بلغة,Souk Smata / Souk Cherratine,80,150,80–150 MAD,Traditional pointed-toe leather slippers. Price rises with embroidery quality.,867,1390,281.4,89c0dbbb99,no,
marrakech_dataset\leather\bing\000005.jpg,000005.jpg,leather,unknown,leather,Leather Slippers (Babouches),بلغة,Souk Smata / Souk Cherratine,80,150,80–150 MAD,Traditional pointed-toe leather slippers. Price rises with embroidery quality.,866,1390,342.0,5b9f9fe1a4,no,
marrakech_dataset\leather\bing\000006.jpg,000006.jpg,leather,unknown,leather,Leather Slippers (Babouches),بلغة,Souk Smata / Souk Cherratine,80,150,80–150 MAD,Traditional pointed-toe leather slippers. Price rises with embroidery quality.,1300,956,337.0,cd5616c9b8,no,
marrakech_dataset\leather\bing\000007.jpg,000007.jpg,leather,unknown,leather,Leather Slippers (Babouches),بلغة,Souk Smata / Souk Cherratine,80,150,80–150 MAD,Traditional pointed-toe leather slippers. Price rises with embroidery quality.,866,1390,291.8,2b53f8c351,no,
marrakech_dataset\leather\bing\000008.jpg,000008.jpg,leather,unknown,leather,Leather Slippers (Babouches),بلغة,Souk Smata / Souk Cherratine,80,150,80–150 MAD,Traditional pointed-toe leather slippers. Price rises with embroidery quality.,1300,957,294.8,3365a87fab,no,
marrakech_dataset\leather\bing\000009.jpg,000009.jpg,leather,unknown,leather,Leather Slippers (Babouches),بلغة,Souk Smata / Souk Cherratine,80,150,80–150 MAD,Traditional pointed-toe leather slippers. Price rises with embroidery quality.,866,1390,244.6,73a9c68448,no,
marrakech_dataset\leather\bing\000010.jpg,000010.jpg,leather,unknown,leather,Leather Slippers (Babouches),بلغة,Souk Smata / Souk Cherratine,80,150,80–150 MAD,Traditional pointed-toe leather slippers. Price rises with embroidery quality.,1300,939,170.0,4d404cc7cb,no,
marrakech_dataset\leather\bing\000011.jpg,000011.jpg,leather,unknown,leather,Leather Slippers (Babouches),بلغة,Souk Smata / Souk Cherratine,80,150,80–150 MAD,Traditional pointed-toe leather slippers. Price rises with embroidery quality.,944,1390,212.2,b03a840d3f,no,
marrakech_dataset\leather\bing\000012.jpg,000012.jpg,leather,unknown,leather,Leather Slippers (Babouches),بلغة,Souk Smata / Souk Cherratine,80,150,80–150 MAD,Traditional pointed-toe leather slippers. Price rises with embroidery quality.,750,1124,214.4,91ba94f477,no,
marrakech_dataset\leather\bing\000013.jpg,000013.jpg,leather,unknown,leather,Leather Slippers (Babouches),بلغة,Souk Smata / Souk Cherratine,80,150,80–150 MAD,Traditional pointed-toe leather slippers. Price rises with embroidery quality.,600,900,102.0,dd0169aa0b,no,
marrakech_dataset\leather\bing\000014.jpg,000014.jpg,leather,unknown,leather,Leather Slippers (Babouches),بلغة,Souk Smata / Souk Cherratine,80,150,80–150 MAD,Traditional pointed-toe leather slippers. Price rises with embroidery quality.,800,576,110.8,c731a69f97,no,
marrakech_dataset\leather\bing\000015.jpg,000015.jpg,leather,unknown,leather,Leather Slippers (Babouches),بلغة,Souk Smata / Souk Cherratine,80,150,80–150 MAD,Traditional pointed-toe leather slippers. Price rises with embroidery quality.,866,1390,223.5,eb5f592a8d,no,
marrakech_dataset\leather\bing\000016.jpg,000016.jpg,leather,unknown,leather,Leather Slippers (Babouches),بلغة,Souk Smata / Souk Cherratine,80,150,80–150 MAD,Traditional pointed-toe leather slippers. Price rises with embroidery quality.,866,1390,203.1,a1a522a5dc,no,
marrakech_dataset\leather\bing\000017.jpg,000017.jpg,leather,unknown,leather,Leather Slippers (Babouches),بلغة,Souk Smata / Souk Cherratine,80,150,80–150 MAD,Traditional pointed-toe leather slippers. Price rises with embroidery quality.,1300,956,245.9,b499bd98fb,no,
marrakech_dataset\leather\bing\000018.jpg,000018.jpg,leather,unknown,leather,Leather Slippers (Babouches),بلغة,Souk Smata / Souk Cherratine,80,150,80–150 MAD,Traditional pointed-toe leather slippers. Price rises with embroidery quality.,1600,1143,292.1,5cb7f401c0,no,
marrakech_dataset\leather\bing\000019.jpg,000019.jpg,leather,unknown,leather,Leather Slippers (Babouches),بلغة,Souk Smata / Souk Cherratine,80,150,80–150 MAD,Traditional pointed-toe leather slippers. Price rises with embroidery quality.,1300,956,162.8,b1a90af829,no,
marrakech_dataset\leather\bing\000020.jpg,000020.jpg,leather,unknown,leather,Leather Slippers (Babouches),بلغة,Souk Smata / Souk Cherratine,80,150,80–150 MAD,Traditional pointed-toe leather slippers. Price rises with embroidery quality.,1300,956,197.7,ab5d5d6fca,no,
marrakech_dataset\leather\bing\000021.jpg,000021.jpg,leather,unknown,leather,Leather Slippers (Babouches),بلغة,Souk Smata / Souk Cherratine,80,150,80–150 MAD,Traditional pointed-toe leather slippers. Price rises with embroidery quality.,800,533,88.1,a9f5816d25,no,
marrakech_dataset\leather\bing\000022.jpg,000022.jpg,leather,unknown,leather,Leather Slippers (Babouches),بلغة,Souk Smata / Souk Cherratine,80,150,80–150 MAD,Traditional pointed-toe leather slippers. Price rises with embroidery quality.,866,1390,332.8,a343c4c482,no,
marrakech_dataset\leather\bing\000023.jpg,000023.jpg,leather,unknown,leather,Leather Slippers (Babouches),بلغة,Souk Smata / Souk Cherratine,80,150,80–150 MAD,Traditional pointed-toe leather slippers. Price rises with embroidery quality.,450,320,52.2,1420a1f846,no,
marrakech_dataset\leather\bing\000024.jpg,000024.jpg,leather,unknown,leather,Leather Slippers (Babouches),بلغة,Souk Smata / Souk Cherratine,80,150,80–150 MAD,Traditional pointed-toe leather slippers. Price rises with embroidery quality.,1300,956,274.3,3fc2b6220e,no,
marrakech_dataset\leather\bing\000025.jpg,000025.jpg,leather,unknown,leather,Leather Slippers (Babouches),بلغة,Souk Smata / Souk Cherratine,80,150,80–150 MAD,Traditional pointed-toe leather slippers. Price rises with embroidery quality.,1300,956,174.8,a9c2e43b11,no,
marrakech_dataset\leather\bing\000026.jpg,000026.jpg,leather,unknown,leather,Leather Slippers (Babouches),بلغة,Souk Smata / Souk Cherratine,80,150,80–150 MAD,Traditional pointed-toe leather slippers. Price rises with embroidery quality.,800,800,196.9,877f393337,no,
marrakech_dataset\leather\bing\000027.jpg,000027.jpg,leather,unknown,leather,Leather Slippers (Babouches),بلغة,Souk Smata / Souk Cherratine,80,150,80–150 MAD,Traditional pointed-toe leather slippers. Price rises with embroidery quality.,600,600,87.1,aa0e49dfa4,no,
marrakech_dataset\leather\bing\000028.jpg,000028.jpg,leather,unknown,leather,Leather Slippers (Babouches),بلغة,Souk Smata / Souk Cherratine,80,150,80–150 MAD,Traditional pointed-toe leather slippers. Price rises with embroidery quality.,800,800,136.9,155bdb7c75,no,
marrakech_dataset\leather\bing\000029.jpg,000029.jpg,leather,unknown,leather,Leather Slippers (Babouches),بلغة,Souk Smata / Souk Cherratine,80,150,80–150 MAD,Traditional pointed-toe leather slippers. Price rises with embroidery quality.,640,427,144.3,58590332f5,no,
marrakech_dataset\leather\bing\000030.jpg,000030.jpg,leather,unknown,leather,Leather Slippers (Babouches),بلغة,Souk Smata / Souk Cherratine,80,150,80–150 MAD,Traditional pointed-toe leather slippers. Price rises with embroidery quality.,1010,1010,207.1,72524f6ab2,no,
marrakech_dataset\leather\bing\000031.jpg,000031.jpg,leather,unknown,leather,Leather Slippers (Babouches),بلغة,Souk Smata / Souk Cherratine,80,150,80–150 MAD,Traditional pointed-toe leather slippers. Price rises with embroidery quality.,1920,1920,165.8,a0814c85c7,no,
marrakech_dataset\leather\bing\000032.jpg,000032.jpg,leather,unknown,leather,Leather Slippers (Babouches),بلغة,Souk Smata / Souk Cherratine,80,150,80–150 MAD,Traditional pointed-toe leather slippers. Price rises with embroidery quality.,1000,1000,64.3,c077f8eba6,no,
marrakech_dataset\leather\bing\000033.jpg,000033.jpg,leather,unknown,leather,Leather Slippers (Babouches),بلغة,Souk Smata / Souk Cherratine,80,150,80–150 MAD,Traditional pointed-toe leather slippers. Price rises with embroidery quality.,1000,1000,67.0,52e593d578,no,
marrakech_dataset\leather\bing\000034.jpg,000034.jpg,leather,unknown,leather,Leather Slippers (Babouches),بلغة,Souk Smata / Souk Cherratine,80,150,80–150 MAD,Traditional pointed-toe leather slippers. Price rises with embroidery quality.,1000,1000,51.8,5dfd7049f5,no,
marrakech_dataset\leather\bing\000035.jpg,000035.jpg,leather,unknown,leather,Leather Slippers (Babouches),بلغة,Souk Smata / Souk Cherratine,80,150,80–150 MAD,Traditional pointed-toe leather slippers. Price rises with embroidery quality.,800,534,109.1,91cf1dc41f,no,
marrakech_dataset\leather\bing\000036.jpg,000036.jpg,leather,unknown,leather,Leather Slippers (Babouches),بلغة,Souk Smata / Souk Cherratine,80,150,80–150 MAD,Traditional pointed-toe leather slippers. Price rises with embroidery quality.,800,800,186.0,51ca157ab2,no,
marrakech_dataset\leather\bing\000037.jpg,000037.jpg,leather,unknown,leather,Leather Slippers (Babouches),بلغة,Souk Smata / Souk Cherratine,80,150,80–150 MAD,Traditional pointed-toe leather slippers. Price rises with embroidery quality.,794,1191,85.0,0c1e081e05,no,
marrakech_dataset\leather\bing\000038.jpg,000038.jpg,leather,unknown,leather,Leather Slippers (Babouches),بلغة,Souk Smata / Souk Cherratine,80,150,80–150 MAD,Traditional pointed-toe leather slippers. Price rises with embroidery quality.,794,1191,151.3,1a9ac72d20,no,
marrakech_dataset\leather\bing\000039.jpg,000039.jpg,leather,unknown,leather,Leather Slippers (Babouches),بلغة,Souk Smata / Souk Cherratine,80,150,80–150 MAD,Traditional pointed-toe leather slippers. Price rises with embroidery quality.,800,534,73.3,f58c27d2ed,no,
marrakech_dataset\leather\bing\000040.jpg,000040.jpg,leather,unknown,leather,Leather Slippers (Babouches),بلغة,Souk Smata / Souk Cherratine,80,150,80–150 MAD,Traditional pointed-toe leather slippers. Price rises with embroidery quality.,1300,956,265.6,51e71028bd,no,
marrakech_dataset\leather\bing\000041.jpg,000041.jpg,leather,unknown,leather,Leather Slippers (Babouches),بلغة,Souk Smata / Souk Cherratine,80,150,80–150 MAD,Traditional pointed-toe leather slippers. Price rises with embroidery quality.,1300,956,246.3,021d7fe583,no,
marrakech_dataset\leather\bing\000042.jpg,000042.jpg,leather,unknown,leather,Leather Slippers (Babouches),بلغة,Souk Smata / Souk Cherratine,80,150,80–150 MAD,Traditional pointed-toe leather slippers. Price rises with embroidery quality.,1300,956,205.5,cf12666450,no,
marrakech_dataset\leather\bing\000043.jpg,000043.jpg,leather,unknown,leather,Leather Slippers (Babouches),بلغة,Souk Smata / Souk Cherratine,80,150,80–150 MAD,Traditional pointed-toe leather slippers. Price rises with embroidery quality.,866,1390,292.5,45b5637726,no,
marrakech_dataset\leather\bing\000044.jpg,000044.jpg,leather,unknown,leather,Leather Slippers (Babouches),بلغة,Souk Smata / Souk Cherratine,80,150,80–150 MAD,Traditional pointed-toe leather slippers. Price rises with embroidery quality.,504,522,308.5,6e594e24ed,no,
marrakech_dataset\leather\bing\000045.jpg,000045.jpg,leather,unknown,leather,Leather Slippers (Babouches),بلغة,Souk Smata / Souk Cherratine,80,150,80–150 MAD,Traditional pointed-toe leather slippers. Price rises with embroidery quality.,1300,956,236.1,39ca4f90de,no,
marrakech_dataset\leather\bing\000046.jpg,000046.jpg,leather,unknown,leather,Leather Slippers (Babouches),بلغة,Souk Smata / Souk Cherratine,80,150,80–150 MAD,Traditional pointed-toe leather slippers. Price rises with embroidery quality.,1300,849,276.3,9328b10fce,no,
marrakech_dataset\leather\bing\000047.jpg,000047.jpg,leather,unknown,leather,Leather Slippers (Babouches),بلغة,Souk Smata / Souk Cherratine,80,150,80–150 MAD,Traditional pointed-toe leather slippers. Price rises with embroidery quality.,1080,1125,213.7,348d68183c,no,
marrakech_dataset\leather\bing\000048.jpg,000048.jpg,leather,unknown,leather,Leather Slippers (Babouches),بلغة,Souk Smata / Souk Cherratine,80,150,80–150 MAD,Traditional pointed-toe leather slippers. Price rises with embroidery quality.,1600,1143,292.1,5cb7f401c0,no,
marrakech_dataset\leather\bing\000049.jpg,000049.jpg,leather,unknown,leather,Leather Slippers (Babouches),بلغة,Souk Smata / Souk Cherratine,80,150,80–150 MAD,Traditional pointed-toe leather slippers. Price rises with embroidery quality.,504,471,282.3,74becf931b,no,
marrakech_dataset\leather\bing\000050.jpg,000050.jpg,leather,unknown,leather,Leather Slippers (Babouches),بلغة,Souk Smata / Souk Cherratine,80,150,80–150 MAD,Traditional pointed-toe leather slippers. Price rises with embroidery quality.,866,1390,236.8,d532159df6,no,
marrakech_dataset\leather\bing\000051.jpg,000051.jpg,leather,unknown,leather,Leather Slippers (Babouches),بلغة,Souk Smata / Souk Cherratine,80,150,80–150 MAD,Traditional pointed-toe leather slippers. Price rises with embroidery quality.,716,716,38.4,7a469e6378,no,
marrakech_dataset\leather\bing\000052.jpg,000052.jpg,leather,unknown,leather,Leather Slippers (Babouches),بلغة,Souk Smata / Souk Cherratine,80,150,80–150 MAD,Traditional pointed-toe leather slippers. Price rises with embroidery quality.,1000,1000,77.0,0fecec8387,no,
marrakech_dataset\leather\bing\000053.jpg,000053.jpg,leather,unknown,leather,Leather Slippers (Babouches),بلغة,Souk Smata / Souk Cherratine,80,150,80–150 MAD,Traditional pointed-toe leather slippers. Price rises with embroidery quality.,1024,683,233.2,291a61f884,no,
marrakech_dataset\leather\bing\000054.jpg,000054.jpg,leather,unknown,leather,Leather Slippers (Babouches),بلغة,Souk Smata / Souk Cherratine,80,150,80–150 MAD,Traditional pointed-toe leather slippers. Price rises with embroidery quality.,1000,1000,70.3,0ce7c8970c,no,
marrakech_dataset\leather\bing\000055.jpg,000055.jpg,leather,unknown,leather,Leather Slippers (Babouches),بلغة,Souk Smata / Souk Cherratine,80,150,80–150 MAD,Traditional pointed-toe leather slippers. Price rises with embroidery quality.,768,768,30.2,3700844dee,no,
marrakech_dataset\leather\bing\000056.jpg,000056.jpg,leather,unknown,leather,Leather Slippers (Babouches),بلغة,Souk Smata / Souk Cherratine,80,150,80–150 MAD,Traditional pointed-toe leather slippers. Price rises with embroidery quality.,768,768,48.4,111477895f,no,
marrakech_dataset\leather\bing\000057.jpg,000057.jpg,leather,unknown,leather,Leather Slippers (Babouches),بلغة,Souk Smata / Souk Cherratine,80,150,80–150 MAD,Traditional pointed-toe leather slippers. Price rises with embroidery quality.,416,416,40.4,91bed5fddc,no,
marrakech_dataset\leather\bing\000058.jpg,000058.jpg,leather,unknown,leather,Leather Slippers (Babouches),بلغة,Souk Smata / Souk Cherratine,80,150,80–150 MAD,Traditional pointed-toe leather slippers. Price rises with embroidery quality.,866,1390,190.9,d80b951bcb,no,
marrakech_dataset\leather\bing\000059.jpg,000059.jpg,leather,unknown,leather,Leather Slippers (Babouches),بلغة,Souk Smata / Souk Cherratine,80,150,80–150 MAD,Traditional pointed-toe leather slippers. Price rises with embroidery quality.,1300,932,126.2,34ef9c7712,no,
marrakech_dataset\leather\bing\000060.jpg,000060.jpg,leather,unknown,leather,Leather Slippers (Babouches),بلغة,Souk Smata / Souk Cherratine,80,150,80–150 MAD,Traditional pointed-toe leather slippers. Price rises with embroidery quality.,1000,1333,103.2,c849201309,no,
marrakech_dataset\leather\bing\000061.jpg,000061.jpg,leather,unknown,leather,Leather Slippers (Babouches),بلغة,Souk Smata / Souk Cherratine,80,150,80–150 MAD,Traditional pointed-toe leather slippers. Price rises with embroidery quality.,1440,1050,489.5,ba8d8f312f,no,
marrakech_dataset\leather\bing\000062.jpg,000062.jpg,leather,unknown,leather,Leather Slippers (Babouches),بلغة,Souk Smata / Souk Cherratine,80,150,80–150 MAD,Traditional pointed-toe leather slippers. Price rises with embroidery quality.,1290,890,306.6,96ce0ccfee,no,
marrakech_dataset\leather\bing\000063.jpg,000063.jpg,leather,unknown,leather,Leather Slippers (Babouches),بلغة,Souk Smata / Souk Cherratine,80,150,80–150 MAD,Traditional pointed-toe leather slippers. Price rises with embroidery quality.,844,1500,237.0,ee799bfd1e,no,
marrakech_dataset\leather\bing\000064.jpg,000064.jpg,leather,unknown,leather,Leather Slippers (Babouches),بلغة,Souk Smata / Souk Cherratine,80,150,80–150 MAD,Traditional pointed-toe leather slippers. Price rises with embroidery quality.,1300,783,143.2,05af3d7cff,no,
marrakech_dataset\leather\bing\000065.jpg,000065.jpg,leather,unknown,leather,Leather Slippers (Babouches),بلغة,Souk Smata / Souk Cherratine,80,150,80–150 MAD,Traditional pointed-toe leather slippers. Price rises with embroidery quality.,1024,380,76.2,879cf3b609,no,
marrakech_dataset\leather\bing\000066.jpg,000066.jpg,leather,unknown,leather,Leather Slippers (Babouches),بلغة,Souk Smata / Souk Cherratine,80,150,80–150 MAD,Traditional pointed-toe leather slippers. Price rises with embroidery quality.,850,700,64.5,2d972be4e5,no,
marrakech_dataset\leather\bing\000067.jpg,000067.jpg,leather,unknown,leather,Leather Slippers (Babouches),بلغة,Souk Smata / Souk Cherratine,80,150,80–150 MAD,Traditional pointed-toe leather slippers. Price rises with embroidery quality.,850,700,34.6,e900d00a3c,no,
marrakech_dataset\leather\bing\000068.jpg,000068.jpg,leather,unknown,leather,Leather Slippers (Babouches),بلغة,Souk Smata / Souk Cherratine,80,150,80–150 MAD,Traditional pointed-toe leather slippers. Price rises with embroidery quality.,840,840,30.9,6c8d86265a,no,
marrakech_dataset\leather\bing\000069.jpg,000069.jpg,leather,unknown,leather,Leather Slippers (Babouches),بلغة,Souk Smata / Souk Cherratine,80,150,80–150 MAD,Traditional pointed-toe leather slippers. Price rises with embroidery quality.,2048,855,396.9,6e9e52384a,no,
marrakech_dataset\leather\bing\000070.jpg,000070.jpg,leather,unknown,leather,Leather Slippers (Babouches),بلغة,Souk Smata / Souk Cherratine,80,150,80–150 MAD,Traditional pointed-toe leather slippers. Price rises with embroidery quality.,1344,896,204.9,43f8e41ec3,no,
marrakech_dataset\leather\bing\000071.jpg,000071.jpg,leather,unknown,leather,Leather Slippers (Babouches),بلغة,Souk Smata / Souk Cherratine,80,150,80–150 MAD,Traditional pointed-toe leather slippers. Price rises with embroidery quality.,1200,1600,287.2,d59c3cd7bd,no,
marrakech_dataset\leather\bing\000072.jpg,000072.jpg,leather,unknown,leather,Leather Slippers (Babouches),بلغة,Souk Smata / Souk Cherratine,80,150,80–150 MAD,Traditional pointed-toe leather slippers. Price rises with embroidery quality.,1300,1065,314.0,a55c819065,no,
marrakech_dataset\leather\bing\000073.jpg,000073.jpg,leather,unknown,leather,Leather Slippers (Babouches),بلغة,Souk Smata / Souk Cherratine,80,150,80–150 MAD,Traditional pointed-toe leather slippers. Price rises with embroidery quality.,626,417,99.2,30818d80d1,no,
marrakech_dataset\leather\bing\000074.jpg,000074.jpg,leather,unknown,leather,Leather Slippers (Babouches),بلغة,Souk Smata / Souk Cherratine,80,150,80–150 MAD,Traditional pointed-toe leather slippers. Price rises with embroidery quality.,1024,768,129.7,0218f83b83,no,
marrakech_dataset\leather\bing\000075.jpg,000075.jpg,leather,unknown,leather,Leather Slippers (Babouches),بلغة,Souk Smata / Souk Cherratine,80,150,80–150 MAD,Traditional pointed-toe leather slippers. Price rises with embroidery quality.,1300,956,271.6,8c88a58543,no,
marrakech_dataset\leather\bing\000076.jpg,000076.jpg,leather,unknown,leather,Leather Slippers (Babouches),بلغة,Souk Smata / Souk Cherratine,80,150,80–150 MAD,Traditional pointed-toe leather slippers. Price rises with embroidery quality.,800,534,103.5,5b29021a4c,no,
marrakech_dataset\leather\bing\000077.jpg,000077.jpg,leather,unknown,leather,Leather Slippers (Babouches),بلغة,Souk Smata / Souk Cherratine,80,150,80–150 MAD,Traditional pointed-toe leather slippers. Price rises with embroidery quality.,975,1390,273.6,9046fca1ca,no,
marrakech_dataset\leather\bing\000078.jpg,000078.jpg,leather,unknown,leather,Leather Slippers (Babouches),بلغة,Souk Smata / Souk Cherratine,80,150,80–150 MAD,Traditional pointed-toe leather slippers. Price rises with embroidery quality.,865,1390,237.9,23c36b4253,no,
marrakech_dataset\leather\bing\000079.jpg,000079.jpg,leather,unknown,leather,Leather Slippers (Babouches),بلغة,Souk Smata / Souk Cherratine,80,150,80–150 MAD,Traditional pointed-toe leather slippers. Price rises with embroidery quality.,866,1390,344.6,2ee963aeaa,no,
marrakech_dataset\leather\bing\000080.jpg,000080.jpg,leather,unknown,leather,Leather Slippers (Babouches),بلغة,Souk Smata / Souk Cherratine,80,150,80–150 MAD,Traditional pointed-toe leather slippers. Price rises with embroidery quality.,866,1390,212.7,43f5c1d7cb,no,
marrakech_dataset\leather\bing\000081.jpg,000081.jpg,leather,unknown,leather,Leather Slippers (Babouches),بلغة,Souk Smata / Souk Cherratine,80,150,80–150 MAD,Traditional pointed-toe leather slippers. Price rises with embroidery quality.,1300,956,342.4,2b9922e9fd,no,
marrakech_dataset\leather\bing\000082.jpg,000082.jpg,leather,unknown,leather,Leather Slippers (Babouches),بلغة,Souk Smata / Souk Cherratine,80,150,80–150 MAD,Traditional pointed-toe leather slippers. Price rises with embroidery quality.,1300,956,307.0,ec82d3a5c6,no,
marrakech_dataset\leather\bing\000083.jpg,000083.jpg,leather,unknown,leather,Leather Slippers (Babouches),بلغة,Souk Smata / Souk Cherratine,80,150,80–150 MAD,Traditional pointed-toe leather slippers. Price rises with embroidery quality.,865,1390,186.3,5bc4aa8f2b,no,
marrakech_dataset\leather\bing\000084.jpg,000084.jpg,leather,unknown,leather,Leather Slippers (Babouches),بلغة,Souk Smata / Souk Cherratine,80,150,80–150 MAD,Traditional pointed-toe leather slippers. Price rises with embroidery quality.,1300,954,242.1,993d8015a8,no,
marrakech_dataset\leather\bing\000085.jpg,000085.jpg,leather,unknown,leather,Leather Slippers (Babouches),بلغة,Souk Smata / Souk Cherratine,80,150,80–150 MAD,Traditional pointed-toe leather slippers. Price rises with embroidery quality.,866,1390,283.3,7b6c43dc3b,no,
marrakech_dataset\leather\bing\000086.jpg,000086.jpg,leather,unknown,leather,Leather Slippers (Babouches),بلغة,Souk Smata / Souk Cherratine,80,150,80–150 MAD,Traditional pointed-toe leather slippers. Price rises with embroidery quality.,390,280,37.2,f2f3845179,no,
marrakech_dataset\leather\bing\000087.jpg,000087.jpg,leather,unknown,leather,Leather Slippers (Babouches),بلغة,Souk Smata / Souk Cherratine,80,150,80–150 MAD,Traditional pointed-toe leather slippers. Price rises with embroidery quality.,736,490,91.1,e3ea37e8f9,no,
marrakech_dataset\leather\bing\000088.jpg,000088.jpg,leather,unknown,leather,Leather Slippers (Babouches),بلغة,Souk Smata / Souk Cherratine,80,150,80–150 MAD,Traditional pointed-toe leather slippers. Price rises with embroidery quality.,866,1390,264.5,6849218763,no,
marrakech_dataset\leather\bing\000089.jpg,000089.jpg,leather,unknown,leather,Leather Slippers (Babouches),بلغة,Souk Smata / Souk Cherratine,80,150,80–150 MAD,Traditional pointed-toe leather slippers. Price rises with embroidery quality.,864,1390,228.3,69f0565ed9,no,
marrakech_dataset\leather\bing\000090.jpg,000090.jpg,leather,unknown,leather,Leather Slippers (Babouches),بلغة,Souk Smata / Souk Cherratine,80,150,80–150 MAD,Traditional pointed-toe leather slippers. Price rises with embroidery quality.,600,600,97.2,543e44bc7f,no,
marrakech_dataset\leather\bing\000091.jpg,000091.jpg,leather,unknown,leather,Leather Slippers (Babouches),بلغة,Souk Smata / Souk Cherratine,80,150,80–150 MAD,Traditional pointed-toe leather slippers. Price rises with embroidery quality.,866,1390,275.4,a9b7998a20,no,
marrakech_dataset\leather\bing\000092.jpg,000092.jpg,leather,unknown,leather,Leather Slippers (Babouches),بلغة,Souk Smata / Souk Cherratine,80,150,80–150 MAD,Traditional pointed-toe leather slippers. Price rises with embroidery quality.,867,1390,175.8,1c25e9cdda,no,
marrakech_dataset\leather\bing\000093.jpg,000093.jpg,leather,unknown,leather,Leather Slippers (Babouches),بلغة,Souk Smata / Souk Cherratine,80,150,80–150 MAD,Traditional pointed-toe leather slippers. Price rises with embroidery quality.,1300,956,346.0,2fd5c0f3e7,no,
marrakech_dataset\leather\bing\000094.jpg,000094.jpg,leather,unknown,leather,Leather Slippers (Babouches),بلغة,Souk Smata / Souk Cherratine,80,150,80–150 MAD,Traditional pointed-toe leather slippers. Price rises with embroidery quality.,1600,1102,209.8,232e4668a9,no,
marrakech_dataset\leather\bing\000095.jpg,000095.jpg,leather,unknown,leather,Leather Slippers (Babouches),بلغة,Souk Smata / Souk Cherratine,80,150,80–150 MAD,Traditional pointed-toe leather slippers. Price rises with embroidery quality.,1200,900,674.5,f9ff15afce,no,
marrakech_dataset\leather\bing\000096.jpg,000096.jpg,leather,unknown,leather,Leather Slippers (Babouches),بلغة,Souk Smata / Souk Cherratine,80,150,80–150 MAD,Traditional pointed-toe leather slippers. Price rises with embroidery quality.,1066,1690,240.6,d0dcb77237,no,
marrakech_dataset\leather\bing\000097.jpg,000097.jpg,leather,unknown,leather,Leather Slippers (Babouches),بلغة,Souk Smata / Souk Cherratine,80,150,80–150 MAD,Traditional pointed-toe leather slippers. Price rises with embroidery quality.,800,553,87.4,d7e1956c28,no,
marrakech_dataset\leather\bing\000098.jpg,000098.jpg,leather,unknown,leather,Leather Slippers (Babouches),بلغة,Souk Smata / Souk Cherratine,80,150,80–150 MAD,Traditional pointed-toe leather slippers. Price rises with embroidery quality.,750,1124,214.4,91ba94f477,no,
marrakech_dataset\leather\bing\000099.jpg,000099.jpg,leather,unknown,leather,Leather Slippers (Babouches),بلغة,Souk Smata / Souk Cherratine,80,150,80–150 MAD,Traditional pointed-toe leather slippers. Price rises with embroidery quality.,1300,956,328.2,fecd406ad9,no,
marrakech_dataset\leather\bing\000100.jpg,000100.jpg,leather,unknown,leather,Leather Slippers (Babouches),بلغة,Souk Smata / Souk Cherratine,80,150,80–150 MAD,Traditional pointed-toe leather slippers. Price rises with embroidery quality.,866,1390,231.0,ee63d0f63c,no,
marrakech_dataset\lanterns\bing\000001.jpg,000001.jpg,lanterns,unknown,lanterns,Brass Lantern (small–medium),فانوس نحاسي,Souk Haddadine,100,500,100–500 MAD,From guide table. More elaborate/large ones: 300–800 MAD.,1300,956,301.5,028d3eb702,no,
marrakech_dataset\lanterns\bing\000002.jpg,000002.jpg,lanterns,unknown,lanterns,Brass Lantern (small–medium),فانوس نحاسي,Souk Haddadine,100,500,100–500 MAD,From guide table. More elaborate/large ones: 300–800 MAD.,599,900,178.7,721c31dba2,no,
marrakech_dataset\lanterns\bing\000003.jpg,000003.jpg,lanterns,unknown,lanterns,Brass Lantern (small–medium),فانوس نحاسي,Souk Haddadine,100,500,100–500 MAD,From guide table. More elaborate/large ones: 300–800 MAD.,866,1390,257.5,7c9ada5b54,no,
marrakech_dataset\lanterns\bing\000004.jpg,000004.jpg,lanterns,unknown,lanterns,Brass Lantern (small–medium),فانوس نحاسي,Souk Haddadine,100,500,100–500 MAD,From guide table. More elaborate/large ones: 300–800 MAD.,866,1390,241.2,a88f126567,no,
marrakech_dataset\lanterns\bing\000005.jpg,000005.jpg,lanterns,unknown,lanterns,Brass Lantern (small–medium),فانوس نحاسي,Souk Haddadine,100,500,100–500 MAD,From guide table. More elaborate/large ones: 300–800 MAD.,866,1390,302.2,eebde3ff78,no,
marrakech_dataset\lanterns\bing\000006.jpg,000006.jpg,lanterns,unknown,lanterns,Brass Lantern (small–medium),فانوس نحاسي,Souk Haddadine,100,500,100–500 MAD,From guide table. More elaborate/large ones: 300–800 MAD.,866,1390,303.4,ea8cf283d7,no,
marrakech_dataset\lanterns\bing\000007.jpg,000007.jpg,lanterns,unknown,lanterns,Brass Lantern (small–medium),فانوس نحاسي,Souk Haddadine,100,500,100–500 MAD,From guide table. More elaborate/large ones: 300–800 MAD.,866,1390,221.8,ec0e83934a,no,
marrakech_dataset\lanterns\bing\000008.jpg,000008.jpg,lanterns,unknown,lanterns,Brass Lantern (small–medium),فانوس نحاسي,Souk Haddadine,100,500,100–500 MAD,From guide table. More elaborate/large ones: 300–800 MAD.,1300,956,170.1,31f14b1b34,no,
marrakech_dataset\lanterns\bing\000009.jpg,000009.jpg,lanterns,unknown,lanterns,Brass Lantern (small–medium),فانوس نحاسي,Souk Haddadine,100,500,100–500 MAD,From guide table. More elaborate/large ones: 300–800 MAD.,1300,956,306.0,3ef99b3543,no,
marrakech_dataset\lanterns\bing\000010.jpg,000010.jpg,lanterns,unknown,lanterns,Brass Lantern (small–medium),فانوس نحاسي,Souk Haddadine,100,500,100–500 MAD,From guide table. More elaborate/large ones: 300–800 MAD.,1300,1041,357.9,17852b8b80,no,
marrakech_dataset\lanterns\bing\000011.jpg,000011.jpg,lanterns,unknown,lanterns,Brass Lantern (small–medium),فانوس نحاسي,Souk Haddadine,100,500,100–500 MAD,From guide table. More elaborate/large ones: 300–800 MAD.,1067,1690,372.0,ae80b73c86,no,
marrakech_dataset\lanterns\bing\000012.jpg,000012.jpg,lanterns,unknown,lanterns,Brass Lantern (small–medium),فانوس نحاسي,Souk Haddadine,100,500,100–500 MAD,From guide table. More elaborate/large ones: 300–800 MAD.,1300,957,225.5,5a50059623,no,
marrakech_dataset\lanterns\bing\000013.jpg,000013.jpg,lanterns,unknown,lanterns,Brass Lantern (small–medium),فانوس نحاسي,Souk Haddadine,100,500,100–500 MAD,From guide table. More elaborate/large ones: 300–800 MAD.,735,539,89.7,e2952b6c35,no,
marrakech_dataset\lanterns\bing\000014.jpg,000014.jpg,lanterns,unknown,lanterns,Brass Lantern (small–medium),فانوس نحاسي,Souk Haddadine,100,500,100–500 MAD,From guide table. More elaborate/large ones: 300–800 MAD.,866,1390,294.3,6ed4411b81,no,
marrakech_dataset\lanterns\bing\000015.jpg,000015.jpg,lanterns,unknown,lanterns,Brass Lantern (small–medium),فانوس نحاسي,Souk Haddadine,100,500,100–500 MAD,From guide table. More elaborate/large ones: 300–800 MAD.,600,900,146.4,2d9bf6f928,no,
marrakech_dataset\lanterns\bing\000016.jpg,000016.jpg,lanterns,unknown,lanterns,Brass Lantern (small–medium),فانوس نحاسي,Souk Haddadine,100,500,100–500 MAD,From guide table. More elaborate/large ones: 300–800 MAD.,1300,956,259.1,259bbfac7d,no,
marrakech_dataset\lanterns\bing\000017.jpg,000017.jpg,lanterns,unknown,lanterns,Brass Lantern (small–medium),فانوس نحاسي,Souk Haddadine,100,500,100–500 MAD,From guide table. More elaborate/large ones: 300–800 MAD.,734,1100,317.4,7d6727fd70,no,
marrakech_dataset\lanterns\bing\000018.jpg,000018.jpg,lanterns,unknown,lanterns,Brass Lantern (small–medium),فانوس نحاسي,Souk Haddadine,100,500,100–500 MAD,From guide table. More elaborate/large ones: 300–800 MAD.,1300,953,308.5,0a25a253e4,no,
marrakech_dataset\lanterns\bing\000019.jpg,000019.jpg,lanterns,unknown,lanterns,Brass Lantern (small–medium),فانوس نحاسي,Souk Haddadine,100,500,100–500 MAD,From guide table. More elaborate/large ones: 300–800 MAD.,1600,1153,199.9,413a255002,no,
marrakech_dataset\lanterns\bing\000020.jpg,000020.jpg,lanterns,unknown,lanterns,Brass Lantern (small–medium),فانوس نحاسي,Souk Haddadine,100,500,100–500 MAD,From guide table. More elaborate/large ones: 300–800 MAD.,1067,1690,271.9,ba6c11e948,no,
marrakech_dataset\lanterns\bing\000021.jpg,000021.jpg,lanterns,unknown,lanterns,Brass Lantern (small–medium),فانوس نحاسي,Souk Haddadine,100,500,100–500 MAD,From guide table. More elaborate/large ones: 300–800 MAD.,1300,956,265.3,476b979f7f,no,
marrakech_dataset\lanterns\bing\000022.jpg,000022.jpg,lanterns,unknown,lanterns,Brass Lantern (small–medium),فانوس نحاسي,Souk Haddadine,100,500,100–500 MAD,From guide table. More elaborate/large ones: 300–800 MAD.,800,449,71.1,7bd9aa3b85,no,
marrakech_dataset\lanterns\bing\000023.jpg,000023.jpg,lanterns,unknown,lanterns,Brass Lantern (small–medium),فانوس نحاسي,Souk Haddadine,100,500,100–500 MAD,From guide table. More elaborate/large ones: 300–800 MAD.,736,1049,163.9,8248c94417,no,
marrakech_dataset\lanterns\bing\000024.jpg,000024.jpg,lanterns,unknown,lanterns,Brass Lantern (small–medium),فانوس نحاسي,Souk Haddadine,100,500,100–500 MAD,From guide table. More elaborate/large ones: 300–800 MAD.,1300,956,428.6,2f19257d09,no,
marrakech_dataset\lanterns\bing\000025.jpg,000025.jpg,lanterns,unknown,lanterns,Brass Lantern (small–medium),فانوس نحاسي,Souk Haddadine,100,500,100–500 MAD,From guide table. More elaborate/large ones: 300–800 MAD.,865,1390,152.0,117888cc2a,no,
marrakech_dataset\lanterns\bing\000026.jpg,000026.jpg,lanterns,unknown,lanterns,Brass Lantern (small–medium),فانوس نحاسي,Souk Haddadine,100,500,100–500 MAD,From guide table. More elaborate/large ones: 300–800 MAD.,750,738,30.5,87fd583d77,no,
marrakech_dataset\lanterns\bing\000027.jpg,000027.jpg,lanterns,unknown,lanterns,Brass Lantern (small–medium),فانوس نحاسي,Souk Haddadine,100,500,100–500 MAD,From guide table. More elaborate/large ones: 300–800 MAD.,750,670,24.3,c023133eee,no,
marrakech_dataset\lanterns\bing\000028.jpg,000028.jpg,lanterns,unknown,lanterns,Brass Lantern (small–medium),فانوس نحاسي,Souk Haddadine,100,500,100–500 MAD,From guide table. More elaborate/large ones: 300–800 MAD.,750,662,37.6,025b21b299,no,
marrakech_dataset\lanterns\bing\000029.jpg,000029.jpg,lanterns,unknown,lanterns,Brass Lantern (small–medium),فانوس نحاسي,Souk Haddadine,100,500,100–500 MAD,From guide table. More elaborate/large ones: 300–800 MAD.,672,886,70.5,e4aedce351,no,
marrakech_dataset\lanterns\bing\000030.jpg,000030.jpg,lanterns,unknown,lanterns,Brass Lantern (small–medium),فانوس نحاسي,Souk Haddadine,100,500,100–500 MAD,From guide table. More elaborate/large ones: 300–800 MAD.,500,500,49.2,034fe9ea3a,no,
marrakech_dataset\lanterns\bing\000031.jpg,000031.jpg,lanterns,unknown,lanterns,Brass Lantern (small–medium),فانوس نحاسي,Souk Haddadine,100,500,100–500 MAD,From guide table. More elaborate/large ones: 300–800 MAD.,500,500,48.3,6f618ce8e8,no,
marrakech_dataset\lanterns\bing\000032.jpg,000032.jpg,lanterns,unknown,lanterns,Brass Lantern (small–medium),فانوس نحاسي,Souk Haddadine,100,500,100–500 MAD,From guide table. More elaborate/large ones: 300–800 MAD.,500,500,39.6,445cd1ad95,no,
marrakech_dataset\lanterns\bing\000033.jpg,000033.jpg,lanterns,unknown,lanterns,Brass Lantern (small–medium),فانوس نحاسي,Souk Haddadine,100,500,100–500 MAD,From guide table. More elaborate/large ones: 300–800 MAD.,1000,1000,132.0,6c12f311ff,no,
marrakech_dataset\lanterns\bing\000034.jpg,000034.jpg,lanterns,unknown,lanterns,Brass Lantern (small–medium),فانوس نحاسي,Souk Haddadine,100,500,100–500 MAD,From guide table. More elaborate/large ones: 300–800 MAD.,1600,1596,228.9,251f5fe2c8,no,
marrakech_dataset\lanterns\bing\000035.jpg,000035.jpg,lanterns,unknown,lanterns,Brass Lantern (small–medium),فانوس نحاسي,Souk Haddadine,100,500,100–500 MAD,From guide table. More elaborate/large ones: 300–800 MAD.,500,500,22.6,8eb505c1ed,no,
marrakech_dataset\lanterns\bing\000036.jpg,000036.jpg,lanterns,unknown,lanterns,Brass Lantern (small–medium),فانوس نحاسي,Souk Haddadine,100,500,100–500 MAD,From guide table. More elaborate/large ones: 300–800 MAD.,1600,2175,284.0,14c8dfef0d,no,
marrakech_dataset\lanterns\bing\000037.jpg,000037.jpg,lanterns,unknown,lanterns,Brass Lantern (small–medium),فانوس نحاسي,Souk Haddadine,100,500,100–500 MAD,From guide table. More elaborate/large ones: 300–800 MAD.,500,429,47.9,9c8cd2972d,no,
marrakech_dataset\lanterns\bing\000038.jpg,000038.jpg,lanterns,unknown,lanterns,Brass Lantern (small–medium),فانوس نحاسي,Souk Haddadine,100,500,100–500 MAD,From guide table. More elaborate/large ones: 300–800 MAD.,500,486,77.8,1b022ada18,no,
marrakech_dataset\lanterns\bing\000039.jpg,000039.jpg,lanterns,unknown,lanterns,Brass Lantern (small–medium),فانوس نحاسي,Souk Haddadine,100,500,100–500 MAD,From guide table. More elaborate/large ones: 300–800 MAD.,500,450,17.0,55361a4497,no,
marrakech_dataset\lanterns\bing\000040.jpg,000040.jpg,lanterns,unknown,lanterns,Brass Lantern (small–medium),فانوس نحاسي,Souk Haddadine,100,500,100–500 MAD,From guide table. More elaborate/large ones: 300–800 MAD.,1060,1968,303.1,5862def902,no,
marrakech_dataset\lanterns\bing\000041.jpg,000041.jpg,lanterns,unknown,lanterns,Brass Lantern (small–medium),فانوس نحاسي,Souk Haddadine,100,500,100–500 MAD,From guide table. More elaborate/large ones: 300–800 MAD.,438,500,66.9,7e305cb575,no,
marrakech_dataset\lanterns\bing\000042.jpg,000042.jpg,lanterns,unknown,lanterns,Brass Lantern (small–medium),فانوس نحاسي,Souk Haddadine,100,500,100–500 MAD,From guide table. More elaborate/large ones: 300–800 MAD.,668,1000,134.1,fc7665bf9c,no,
marrakech_dataset\lanterns\bing\000043.jpg,000043.jpg,lanterns,unknown,lanterns,Brass Lantern (small–medium),فانوس نحاسي,Souk Haddadine,100,500,100–500 MAD,From guide table. More elaborate/large ones: 300–800 MAD.,657,657,81.0,bbd1bc3e27,no,
marrakech_dataset\lanterns\bing\000044.jpg,000044.jpg,lanterns,unknown,lanterns,Brass Lantern (small–medium),فانوس نحاسي,Souk Haddadine,100,500,100–500 MAD,From guide table. More elaborate/large ones: 300–800 MAD.,500,500,34.9,1f51ddb418,no,
marrakech_dataset\lanterns\bing\000045.jpg,000045.jpg,lanterns,unknown,lanterns,Brass Lantern (small–medium),فانوس نحاسي,Souk Haddadine,100,500,100–500 MAD,From guide table. More elaborate/large ones: 300–800 MAD.,1000,517,93.7,1231896c41,no,
marrakech_dataset\lanterns\bing\000046.jpg,000046.jpg,lanterns,unknown,lanterns,Brass Lantern (small–medium),فانوس نحاسي,Souk Haddadine,100,500,100–500 MAD,From guide table. More elaborate/large ones: 300–800 MAD.,600,600,20.4,73fde158ad,no,
marrakech_dataset\lanterns\bing\000047.jpg,000047.jpg,lanterns,unknown,lanterns,Brass Lantern (small–medium),فانوس نحاسي,Souk Haddadine,100,500,100–500 MAD,From guide table. More elaborate/large ones: 300–800 MAD.,2250,3000,1567.1,4299cb56ac,no,
marrakech_dataset\lanterns\bing\000048.jpg,000048.jpg,lanterns,unknown,lanterns,Brass Lantern (small–medium),فانوس نحاسي,Souk Haddadine,100,500,100–500 MAD,From guide table. More elaborate/large ones: 300–800 MAD.,500,500,32.3,c1aa022c5a,no,
marrakech_dataset\lanterns\bing\000049.jpg,000049.jpg,lanterns,unknown,lanterns,Brass Lantern (small–medium),فانوس نحاسي,Souk Haddadine,100,500,100–500 MAD,From guide table. More elaborate/large ones: 300–800 MAD.,1000,1000,112.0,ef3dcb688b,no,
marrakech_dataset\lanterns\bing\000050.jpg,000050.jpg,lanterns,unknown,lanterns,Brass Lantern (small–medium),فانوس نحاسي,Souk Haddadine,100,500,100–500 MAD,From guide table. More elaborate/large ones: 300–800 MAD.,720,969,115.0,dafa0e556f,no,
marrakech_dataset\lanterns\bing\000051.jpg,000051.jpg,lanterns,unknown,lanterns,Brass Lantern (small–medium),فانوس نحاسي,Souk Haddadine,100,500,100–500 MAD,From guide table. More elaborate/large ones: 300–800 MAD.,640,960,116.5,718f0f469c,no,
marrakech_dataset\lanterns\bing\000052.jpg,000052.jpg,lanterns,unknown,lanterns,Brass Lantern (small–medium),فانوس نحاسي,Souk Haddadine,100,500,100–500 MAD,From guide table. More elaborate/large ones: 300–800 MAD.,866,1390,221.8,ec0e83934a,no,
marrakech_dataset\lanterns\bing\000053.jpg,000053.jpg,lanterns,unknown,lanterns,Brass Lantern (small–medium),فانوس نحاسي,Souk Haddadine,100,500,100–500 MAD,From guide table. More elaborate/large ones: 300–800 MAD.,1300,956,215.6,0e1c49b67f,no,
marrakech_dataset\lanterns\bing\000054.jpg,000054.jpg,lanterns,unknown,lanterns,Brass Lantern (small–medium),فانوس نحاسي,Souk Haddadine,100,500,100–500 MAD,From guide table. More elaborate/large ones: 300–800 MAD.,1300,1064,408.3,aff23a41b7,no,
marrakech_dataset\lanterns\bing\000055.jpg,000055.jpg,lanterns,unknown,lanterns,Brass Lantern (small–medium),فانوس نحاسي,Souk Haddadine,100,500,100–500 MAD,From guide table. More elaborate/large ones: 300–800 MAD.,1148,1690,390.7,be4b0d6348,no,
marrakech_dataset\lanterns\bing\000056.jpg,000056.jpg,lanterns,unknown,lanterns,Brass Lantern (small–medium),فانوس نحاسي,Souk Haddadine,100,500,100–500 MAD,From guide table. More elaborate/large ones: 300–800 MAD.,300,470,23.8,0572efa56c,no,
marrakech_dataset\lanterns\bing\000057.jpg,000057.jpg,lanterns,unknown,lanterns,Brass Lantern (small–medium),فانوس نحاسي,Souk Haddadine,100,500,100–500 MAD,From guide table. More elaborate/large ones: 300–800 MAD.,1067,1690,372.0,ae80b73c86,no,
marrakech_dataset\lanterns\bing\000058.jpg,000058.jpg,lanterns,unknown,lanterns,Brass Lantern (small–medium),فانوس نحاسي,Souk Haddadine,100,500,100–500 MAD,From guide table. More elaborate/large ones: 300–800 MAD.,1300,955,381.9,0179917d40,no,
marrakech_dataset\lanterns\bing\000059.jpg,000059.jpg,lanterns,unknown,lanterns,Brass Lantern (small–medium),فانوس نحاسي,Souk Haddadine,100,500,100–500 MAD,From guide table. More elaborate/large ones: 300–800 MAD.,866,1390,303.4,ea8cf283d7,no,
marrakech_dataset\lanterns\bing\000060.jpg,000060.jpg,lanterns,unknown,lanterns,Brass Lantern (small–medium),فانوس نحاسي,Souk Haddadine,100,500,100–500 MAD,From guide table. More elaborate/large ones: 300–800 MAD.,1300,972,298.0,2540bf4b31,no,
marrakech_dataset\lanterns\bing\000061.jpg,000061.jpg,lanterns,unknown,lanterns,Brass Lantern (small–medium),فانوس نحاسي,Souk Haddadine,100,500,100–500 MAD,From guide table. More elaborate/large ones: 300–800 MAD.,600,900,147.7,3a416af705,no,
marrakech_dataset\lanterns\bing\000062.jpg,000062.jpg,lanterns,unknown,lanterns,Brass Lantern (small–medium),فانوس نحاسي,Souk Haddadine,100,500,100–500 MAD,From guide table. More elaborate/large ones: 300–800 MAD.,506,900,113.0,b91c956752,no,
marrakech_dataset\lanterns\bing\000063.jpg,000063.jpg,lanterns,unknown,lanterns,Brass Lantern (small–medium),فانوس نحاسي,Souk Haddadine,100,500,100–500 MAD,From guide table. More elaborate/large ones: 300–800 MAD.,786,1390,207.6,922a43b74c,no,
marrakech_dataset\lanterns\bing\000064.jpg,000064.jpg,lanterns,unknown,lanterns,Brass Lantern (small–medium),فانوس نحاسي,Souk Haddadine,100,500,100–500 MAD,From guide table. More elaborate/large ones: 300–800 MAD.,866,1390,301.1,62efd6da25,no,
marrakech_dataset\lanterns\bing\000065.jpg,000065.jpg,lanterns,unknown,lanterns,Brass Lantern (small–medium),فانوس نحاسي,Souk Haddadine,100,500,100–500 MAD,From guide table. More elaborate/large ones: 300–800 MAD.,1300,956,243.4,89b88977ed,no,
marrakech_dataset\lanterns\bing\000066.jpg,000066.jpg,lanterns,unknown,lanterns,Brass Lantern (small–medium),فانوس نحاسي,Souk Haddadine,100,500,100–500 MAD,From guide table. More elaborate/large ones: 300–800 MAD.,400,267,30.3,af54caa30a,no,
marrakech_dataset\lanterns\bing\000067.jpg,000067.jpg,lanterns,unknown,lanterns,Brass Lantern (small–medium),فانوس نحاسي,Souk Haddadine,100,500,100–500 MAD,From guide table. More elaborate/large ones: 300–800 MAD.,1300,956,209.7,00f58ca04f,no,
marrakech_dataset\lanterns\bing\000068.jpg,000068.jpg,lanterns,unknown,lanterns,Brass Lantern (small–medium),فانوس نحاسي,Souk Haddadine,100,500,100–500 MAD,From guide table. More elaborate/large ones: 300–800 MAD.,626,418,139.7,21cb88bf14,no,
marrakech_dataset\lanterns\bing\000069.jpg,000069.jpg,lanterns,unknown,lanterns,Brass Lantern (small–medium),فانوس نحاسي,Souk Haddadine,100,500,100–500 MAD,From guide table. More elaborate/large ones: 300–800 MAD.,1300,956,259.1,259bbfac7d,no,
marrakech_dataset\lanterns\bing\000070.jpg,000070.jpg,lanterns,unknown,lanterns,Brass Lantern (small–medium),فانوس نحاسي,Souk Haddadine,100,500,100–500 MAD,From guide table. More elaborate/large ones: 300–800 MAD.,866,1390,241.2,a88f126567,no,
marrakech_dataset\lanterns\bing\000071.jpg,000071.jpg,lanterns,unknown,lanterns,Brass Lantern (small–medium),فانوس نحاسي,Souk Haddadine,100,500,100–500 MAD,From guide table. More elaborate/large ones: 300–800 MAD.,600,900,98.3,e27987f3de,no,
marrakech_dataset\lanterns\bing\000072.jpg,000072.jpg,lanterns,unknown,lanterns,Brass Lantern (small–medium),فانوس نحاسي,Souk Haddadine,100,500,100–500 MAD,From guide table. More elaborate/large ones: 300–800 MAD.,1066,1016,79.3,92d4491de9,no,
marrakech_dataset\lanterns\bing\000073.jpg,000073.jpg,lanterns,unknown,lanterns,Brass Lantern (small–medium),فانوس نحاسي,Souk Haddadine,100,500,100–500 MAD,From guide table. More elaborate/large ones: 300–800 MAD.,626,251,88.5,b755a8e5c5,no,
marrakech_dataset\lanterns\bing\000074.jpg,000074.jpg,lanterns,unknown,lanterns,Brass Lantern (small–medium),فانوس نحاسي,Souk Haddadine,100,500,100–500 MAD,From guide table. More elaborate/large ones: 300–800 MAD.,600,900,146.4,2d9bf6f928,no,
marrakech_dataset\lanterns\bing\000075.jpg,000075.jpg,lanterns,unknown,lanterns,Brass Lantern (small–medium),فانوس نحاسي,Souk Haddadine,100,500,100–500 MAD,From guide table. More elaborate/large ones: 300–800 MAD.,417,626,153.8,00dffda67d,no,
marrakech_dataset\jewelry\bing\000001.jpg,000001.jpg,jewelry,unknown,jewelry,Brass / Silver Jewelry,مجوهرات,Souk des Bijoutiers,100,3000,100–3000 MAD,"Berber cuffs, earrings, Tuareg designs. Vintage pieces cost more.",1200,600,277.9,b9bf31db8d,no,
marrakech_dataset\jewelry\bing\000002.jpg,000002.jpg,jewelry,unknown,jewelry,Brass / Silver Jewelry,مجوهرات,Souk des Bijoutiers,100,3000,100–3000 MAD,"Berber cuffs, earrings, Tuareg designs. Vintage pieces cost more.",866,1390,418.6,d66f6ee0ac,no,
marrakech_dataset\jewelry\bing\000003.jpg,000003.jpg,jewelry,unknown,jewelry,Brass / Silver Jewelry,مجوهرات,Souk des Bijoutiers,100,3000,100–3000 MAD,"Berber cuffs, earrings, Tuareg designs. Vintage pieces cost more.",1300,953,300.9,3ad62d3881,no,
marrakech_dataset\jewelry\bing\000004.jpg,000004.jpg,jewelry,unknown,jewelry,Brass / Silver Jewelry,مجوهرات,Souk des Bijoutiers,100,3000,100–3000 MAD,"Berber cuffs, earrings, Tuareg designs. Vintage pieces cost more.",800,800,215.4,3487a61d5f,no,
marrakech_dataset\jewelry\bing\000005.jpg,000005.jpg,jewelry,unknown,jewelry,Brass / Silver Jewelry,مجوهرات,Souk des Bijoutiers,100,3000,100–3000 MAD,"Berber cuffs, earrings, Tuareg designs. Vintage pieces cost more.",945,1390,299.6,6dbfe3abd4,no,
marrakech_dataset\jewelry\bing\000006.jpg,000006.jpg,jewelry,unknown,jewelry,Brass / Silver Jewelry,مجوهرات,Souk des Bijoutiers,100,3000,100–3000 MAD,"Berber cuffs, earrings, Tuareg designs. Vintage pieces cost more.",800,800,86.7,d8564804d5,no,
marrakech_dataset\jewelry\bing\000007.jpg,000007.jpg,jewelry,unknown,jewelry,Brass / Silver Jewelry,مجوهرات,Souk des Bijoutiers,100,3000,100–3000 MAD,"Berber cuffs, earrings, Tuareg designs. Vintage pieces cost more.",1300,960,343.4,029e68abfc,no,
marrakech_dataset\jewelry\bing\000008.jpg,000008.jpg,jewelry,unknown,jewelry,Brass / Silver Jewelry,مجوهرات,Souk des Bijoutiers,100,3000,100–3000 MAD,"Berber cuffs, earrings, Tuareg designs. Vintage pieces cost more.",1300,956,293.4,3dfec278f6,no,
marrakech_dataset\jewelry\bing\000009.jpg,000009.jpg,jewelry,unknown,jewelry,Brass / Silver Jewelry,مجوهرات,Souk des Bijoutiers,100,3000,100–3000 MAD,"Berber cuffs, earrings, Tuareg designs. Vintage pieces cost more.",1300,956,206.3,37504aa1d7,no,
marrakech_dataset\jewelry\bing\000010.jpg,000010.jpg,jewelry,unknown,jewelry,Brass / Silver Jewelry,مجوهرات,Souk des Bijoutiers,100,3000,100–3000 MAD,"Berber cuffs, earrings, Tuareg designs. Vintage pieces cost more.",800,800,213.3,523a2dd103,no,
marrakech_dataset\jewelry\bing\000011.jpg,000011.jpg,jewelry,unknown,jewelry,Brass / Silver Jewelry,مجوهرات,Souk des Bijoutiers,100,3000,100–3000 MAD,"Berber cuffs, earrings, Tuareg designs. Vintage pieces cost more.",868,1390,228.6,6ad1eb0ee9,no,
marrakech_dataset\jewelry\bing\000012.jpg,000012.jpg,jewelry,unknown,jewelry,Brass / Silver Jewelry,مجوهرات,Souk des Bijoutiers,100,3000,100–3000 MAD,"Berber cuffs, earrings, Tuareg designs. Vintage pieces cost more.",1008,567,60.8,0b8bd3b6fe,no,
marrakech_dataset\jewelry\bing\000013.jpg,000013.jpg,jewelry,unknown,jewelry,Brass / Silver Jewelry,مجوهرات,Souk des Bijoutiers,100,3000,100–3000 MAD,"Berber cuffs, earrings, Tuareg designs. Vintage pieces cost more.",800,800,124.5,2936d42f77,no,
marrakech_dataset\jewelry\bing\000014.jpg,000014.jpg,jewelry,unknown,jewelry,Brass / Silver Jewelry,مجوهرات,Souk des Bijoutiers,100,3000,100–3000 MAD,"Berber cuffs, earrings, Tuareg designs. Vintage pieces cost more.",1300,957,213.4,b836f0ce75,no,
marrakech_dataset\jewelry\bing\000015.jpg,000015.jpg,jewelry,unknown,jewelry,Brass / Silver Jewelry,مجوهرات,Souk des Bijoutiers,100,3000,100–3000 MAD,"Berber cuffs, earrings, Tuareg designs. Vintage pieces cost more.",500,667,340.1,bba8ad4a37,no,
marrakech_dataset\jewelry\bing\000016.jpg,000016.jpg,jewelry,unknown,jewelry,Brass / Silver Jewelry,مجوهرات,Souk des Bijoutiers,100,3000,100–3000 MAD,"Berber cuffs, earrings, Tuareg designs. Vintage pieces cost more.",1300,956,227.0,732aaee113,no,
marrakech_dataset\jewelry\bing\000017.jpg,000017.jpg,jewelry,unknown,jewelry,Brass / Silver Jewelry,مجوهرات,Souk des Bijoutiers,100,3000,100–3000 MAD,"Berber cuffs, earrings, Tuareg designs. Vintage pieces cost more.",800,800,65.5,3e50255e6a,no,
marrakech_dataset\jewelry\bing\000018.jpg,000018.jpg,jewelry,unknown,jewelry,Brass / Silver Jewelry,مجوهرات,Souk des Bijoutiers,100,3000,100–3000 MAD,"Berber cuffs, earrings, Tuareg designs. Vintage pieces cost more.",2400,2400,120.1,e1c9992280,no,
marrakech_dataset\jewelry\bing\000019.jpg,000019.jpg,jewelry,unknown,jewelry,Brass / Silver Jewelry,مجوهرات,Souk des Bijoutiers,100,3000,100–3000 MAD,"Berber cuffs, earrings, Tuareg designs. Vintage pieces cost more.",2400,2400,39.8,74ca59058f,no,
marrakech_dataset\jewelry\bing\000020.jpg,000020.jpg,jewelry,unknown,jewelry,Brass / Silver Jewelry,مجوهرات,Souk des Bijoutiers,100,3000,100–3000 MAD,"Berber cuffs, earrings, Tuareg designs. Vintage pieces cost more.",2400,2400,45.6,5206b185f4,no,
marrakech_dataset\jewelry\bing\000021.jpg,000021.jpg,jewelry,unknown,jewelry,Brass / Silver Jewelry,مجوهرات,Souk des Bijoutiers,100,3000,100–3000 MAD,"Berber cuffs, earrings, Tuareg designs. Vintage pieces cost more.",2400,2400,29.3,ec1b4b0950,no,
marrakech_dataset\jewelry\bing\000022.jpg,000022.jpg,jewelry,unknown,jewelry,Brass / Silver Jewelry,مجوهرات,Souk des Bijoutiers,100,3000,100–3000 MAD,"Berber cuffs, earrings, Tuareg designs. Vintage pieces cost more.",864,1390,330.0,b90e4fbdc0,no,
marrakech_dataset\jewelry\bing\000023.jpg,000023.jpg,jewelry,unknown,jewelry,Brass / Silver Jewelry,مجوهرات,Souk des Bijoutiers,100,3000,100–3000 MAD,"Berber cuffs, earrings, Tuareg designs. Vintage pieces cost more.",1300,953,414.5,2145e5dee4,no,
marrakech_dataset\jewelry\bing\000024.jpg,000024.jpg,jewelry,unknown,jewelry,Brass / Silver Jewelry,مجوهرات,Souk des Bijoutiers,100,3000,100–3000 MAD,"Berber cuffs, earrings, Tuareg designs. Vintage pieces cost more.",1300,957,327.8,5cde340a2b,no,
marrakech_dataset\jewelry\bing\000025.jpg,000025.jpg,jewelry,unknown,jewelry,Brass / Silver Jewelry,مجوهرات,Souk des Bijoutiers,100,3000,100–3000 MAD,"Berber cuffs, earrings, Tuareg designs. Vintage pieces cost more.",2400,2400,115.7,668b2a5a4a,no,
marrakech_dataset\jewelry\bing\000026.jpg,000026.jpg,jewelry,unknown,jewelry,Brass / Silver Jewelry,مجوهرات,Souk des Bijoutiers,100,3000,100–3000 MAD,"Berber cuffs, earrings, Tuareg designs. Vintage pieces cost more.",640,640,70.0,f7214e9dcf,no,
marrakech_dataset\jewelry\bing\000027.jpg,000027.jpg,jewelry,unknown,jewelry,Brass / Silver Jewelry,مجوهرات,Souk des Bijoutiers,100,3000,100–3000 MAD,"Berber cuffs, earrings, Tuareg designs. Vintage pieces cost more.",724,724,95.3,919a15a310,no,
marrakech_dataset\jewelry\bing\000028.jpg,000028.jpg,jewelry,unknown,jewelry,Brass / Silver Jewelry,مجوهرات,Souk des Bijoutiers,100,3000,100–3000 MAD,"Berber cuffs, earrings, Tuareg designs. Vintage pieces cost more.",866,1390,242.1,50b1372c29,no,
marrakech_dataset\jewelry\bing\000029.jpg,000029.jpg,jewelry,unknown,jewelry,Brass / Silver Jewelry,مجوهرات,Souk des Bijoutiers,100,3000,100–3000 MAD,"Berber cuffs, earrings, Tuareg designs. Vintage pieces cost more.",800,1200,81.9,6bc74b1d10,no,
marrakech_dataset\jewelry\bing\000030.jpg,000030.jpg,jewelry,unknown,jewelry,Brass / Silver Jewelry,مجوهرات,Souk des Bijoutiers,100,3000,100–3000 MAD,"Berber cuffs, earrings, Tuareg designs. Vintage pieces cost more.",1080,1434,316.1,c0312ea178,no,
marrakech_dataset\jewelry\bing\000031.jpg,000031.jpg,jewelry,unknown,jewelry,Brass / Silver Jewelry,مجوهرات,Souk des Bijoutiers,100,3000,100–3000 MAD,"Berber cuffs, earrings, Tuareg designs. Vintage pieces cost more.",736,853,95.0,eb0cbcc338,no,
marrakech_dataset\jewelry\bing\000032.jpg,000032.jpg,jewelry,unknown,jewelry,Brass / Silver Jewelry,مجوهرات,Souk des Bijoutiers,100,3000,100–3000 MAD,"Berber cuffs, earrings, Tuareg designs. Vintage pieces cost more.",736,609,117.8,2c6a3514f3,no,
marrakech_dataset\jewelry\bing\000033.jpg,000033.jpg,jewelry,unknown,jewelry,Brass / Silver Jewelry,مجوهرات,Souk des Bijoutiers,100,3000,100–3000 MAD,"Berber cuffs, earrings, Tuareg designs. Vintage pieces cost more.",736,910,95.8,c5b73c9ab7,no,
marrakech_dataset\jewelry\bing\000034.jpg,000034.jpg,jewelry,unknown,jewelry,Brass / Silver Jewelry,مجوهرات,Souk des Bijoutiers,100,3000,100–3000 MAD,"Berber cuffs, earrings, Tuareg designs. Vintage pieces cost more.",1080,1345,172.7,c629a8ce80,no,
marrakech_dataset\jewelry\bing\000035.jpg,000035.jpg,jewelry,unknown,jewelry,Brass / Silver Jewelry,مجوهرات,Souk des Bijoutiers,100,3000,100–3000 MAD,"Berber cuffs, earrings, Tuareg designs. Vintage pieces cost more.",720,1080,118.0,f68f416f0f,no,
marrakech_dataset\jewelry\bing\000036.jpg,000036.jpg,jewelry,unknown,jewelry,Brass / Silver Jewelry,مجوهرات,Souk des Bijoutiers,100,3000,100–3000 MAD,"Berber cuffs, earrings, Tuareg designs. Vintage pieces cost more.",800,554,49.1,f0faaa3c2a,no,
marrakech_dataset\jewelry\bing\000037.jpg,000037.jpg,jewelry,unknown,jewelry,Brass / Silver Jewelry,مجوهرات,Souk des Bijoutiers,100,3000,100–3000 MAD,"Berber cuffs, earrings, Tuareg designs. Vintage pieces cost more.",736,971,186.8,eaeba8a362,no,
marrakech_dataset\jewelry\bing\000038.jpg,000038.jpg,jewelry,unknown,jewelry,Brass / Silver Jewelry,مجوهرات,Souk des Bijoutiers,100,3000,100–3000 MAD,"Berber cuffs, earrings, Tuareg designs. Vintage pieces cost more.",627,1124,128.6,baad590ea2,no,
marrakech_dataset\jewelry\bing\000039.jpg,000039.jpg,jewelry,unknown,jewelry,Brass / Silver Jewelry,مجوهرات,Souk des Bijoutiers,100,3000,100–3000 MAD,"Berber cuffs, earrings, Tuareg designs. Vintage pieces cost more.",720,845,91.5,7f53380bdd,no,
marrakech_dataset\jewelry\bing\000040.jpg,000040.jpg,jewelry,unknown,jewelry,Brass / Silver Jewelry,مجوهرات,Souk des Bijoutiers,100,3000,100–3000 MAD,"Berber cuffs, earrings, Tuareg designs. Vintage pieces cost more.",800,530,120.6,042502c548,no,
marrakech_dataset\jewelry\bing\000041.jpg,000041.jpg,jewelry,unknown,jewelry,Brass / Silver Jewelry,مجوهرات,Souk des Bijoutiers,100,3000,100–3000 MAD,"Berber cuffs, earrings, Tuareg designs. Vintage pieces cost more.",1200,1200,461.3,0a308b914e,no,
marrakech_dataset\jewelry\bing\000042.jpg,000042.jpg,jewelry,unknown,jewelry,Brass / Silver Jewelry,مجوهرات,Souk des Bijoutiers,100,3000,100–3000 MAD,"Berber cuffs, earrings, Tuareg designs. Vintage pieces cost more.",800,800,172.8,0e525be666,no,
marrakech_dataset\jewelry\bing\000043.jpg,000043.jpg,jewelry,unknown,jewelry,Brass / Silver Jewelry,مجوهرات,Souk des Bijoutiers,100,3000,100–3000 MAD,"Berber cuffs, earrings, Tuareg designs. Vintage pieces cost more.",800,800,113.8,d816eabcec,no,
marrakech_dataset\jewelry\bing\000044.jpg,000044.jpg,jewelry,unknown,jewelry,Brass / Silver Jewelry,مجوهرات,Souk des Bijoutiers,100,3000,100–3000 MAD,"Berber cuffs, earrings, Tuareg designs. Vintage pieces cost more.",720,846,156.3,f9e9fdb94c,no,
marrakech_dataset\jewelry\bing\000045.jpg,000045.jpg,jewelry,unknown,jewelry,Brass / Silver Jewelry,مجوهرات,Souk des Bijoutiers,100,3000,100–3000 MAD,"Berber cuffs, earrings, Tuareg designs. Vintage pieces cost more.",736,1104,92.0,dba6db7092,no,
marrakech_dataset\jewelry\bing\000046.jpg,000046.jpg,jewelry,unknown,jewelry,Brass / Silver Jewelry,مجوهرات,Souk des Bijoutiers,100,3000,100–3000 MAD,"Berber cuffs, earrings, Tuareg designs. Vintage pieces cost more.",451,729,61.4,801c74b07b,no,
marrakech_dataset\jewelry\bing\000047.jpg,000047.jpg,jewelry,unknown,jewelry,Brass / Silver Jewelry,مجوهرات,Souk des Bijoutiers,100,3000,100–3000 MAD,"Berber cuffs, earrings, Tuareg designs. Vintage pieces cost more.",1088,680,195.7,d2396dad73,no,
marrakech_dataset\jewelry\bing\000048.jpg,000048.jpg,jewelry,unknown,jewelry,Brass / Silver Jewelry,مجوهرات,Souk des Bijoutiers,100,3000,100–3000 MAD,"Berber cuffs, earrings, Tuareg designs. Vintage pieces cost more.",720,1247,125.5,0c03637606,no,
marrakech_dataset\jewelry\bing\000049.jpg,000049.jpg,jewelry,unknown,jewelry,Brass / Silver Jewelry,مجوهرات,Souk des Bijoutiers,100,3000,100–3000 MAD,"Berber cuffs, earrings, Tuareg designs. Vintage pieces cost more.",735,1102,146.3,b21a75d010,no,
marrakech_dataset\jewelry\bing\000050.jpg,000050.jpg,jewelry,unknown,jewelry,Brass / Silver Jewelry,مجوهرات,Souk des Bijoutiers,100,3000,100–3000 MAD,"Berber cuffs, earrings, Tuareg designs. Vintage pieces cost more.",720,768,113.4,9a6c7e46fe,no,
marrakech_dataset\jewelry\bing\000051.jpg,000051.jpg,jewelry,unknown,jewelry,Brass / Silver Jewelry,مجوهرات,Souk des Bijoutiers,100,3000,100–3000 MAD,"Berber cuffs, earrings, Tuareg designs. Vintage pieces cost more.",626,418,99.8,9fbeaaa4b3,no,
marrakech_dataset\jewelry\bing\000052.jpg,000052.jpg,jewelry,unknown,jewelry,Brass / Silver Jewelry,مجوهرات,Souk des Bijoutiers,100,3000,100–3000 MAD,"Berber cuffs, earrings, Tuareg designs. Vintage pieces cost more.",800,534,93.4,1a3cf6932b,no,
marrakech_dataset\jewelry\bing\000053.jpg,000053.jpg,jewelry,unknown,jewelry,Brass / Silver Jewelry,مجوهرات,Souk des Bijoutiers,100,3000,100–3000 MAD,"Berber cuffs, earrings, Tuareg designs. Vintage pieces cost more.",1300,953,300.9,3ad62d3881,no,
marrakech_dataset\jewelry\bing\000054.jpg,000054.jpg,jewelry,unknown,jewelry,Brass / Silver Jewelry,مجوهرات,Souk des Bijoutiers,100,3000,100–3000 MAD,"Berber cuffs, earrings, Tuareg designs. Vintage pieces cost more.",1300,956,293.4,3dfec278f6,no,
marrakech_dataset\jewelry\bing\000055.jpg,000055.jpg,jewelry,unknown,jewelry,Brass / Silver Jewelry,مجوهرات,Souk des Bijoutiers,100,3000,100–3000 MAD,"Berber cuffs, earrings, Tuareg designs. Vintage pieces cost more.",945,1390,299.6,6dbfe3abd4,no,
marrakech_dataset\jewelry\bing\000056.jpg,000056.jpg,jewelry,unknown,jewelry,Brass / Silver Jewelry,مجوهرات,Souk des Bijoutiers,100,3000,100–3000 MAD,"Berber cuffs, earrings, Tuareg designs. Vintage pieces cost more.",1300,956,206.3,37504aa1d7,no,
marrakech_dataset\jewelry\bing\000057.jpg,000057.jpg,jewelry,unknown,jewelry,Brass / Silver Jewelry,مجوهرات,Souk des Bijoutiers,100,3000,100–3000 MAD,"Berber cuffs, earrings, Tuareg designs. Vintage pieces cost more.",760,760,40.4,19a396ab68,no,
marrakech_dataset\jewelry\bing\000058.jpg,000058.jpg,jewelry,unknown,jewelry,Brass / Silver Jewelry,مجوهرات,Souk des Bijoutiers,100,3000,100–3000 MAD,"Berber cuffs, earrings, Tuareg designs. Vintage pieces cost more.",1200,1200,43.9,89f7cc6ce9,no,
marrakech_dataset\jewelry\bing\000059.jpg,000059.jpg,jewelry,unknown,jewelry,Brass / Silver Jewelry,مجوهرات,Souk des Bijoutiers,100,3000,100–3000 MAD,"Berber cuffs, earrings, Tuareg designs. Vintage pieces cost more.",1200,1200,42.2,1eeee20ae4,no,
marrakech_dataset\jewelry\bing\000060.jpg,000060.jpg,jewelry,unknown,jewelry,Brass / Silver Jewelry,مجوهرات,Souk des Bijoutiers,100,3000,100–3000 MAD,"Berber cuffs, earrings, Tuareg designs. Vintage pieces cost more.",1200,1200,38.1,e7b710f66e,no,
marrakech_dataset\jewelry\bing\000061.jpg,000061.jpg,jewelry,unknown,jewelry,Brass / Silver Jewelry,مجوهرات,Souk des Bijoutiers,100,3000,100–3000 MAD,"Berber cuffs, earrings, Tuareg designs. Vintage pieces cost more.",1200,1200,33.7,294c76aae3,no,
marrakech_dataset\jewelry\bing\000062.jpg,000062.jpg,jewelry,unknown,jewelry,Brass / Silver Jewelry,مجوهرات,Souk des Bijoutiers,100,3000,100–3000 MAD,"Berber cuffs, earrings, Tuareg designs. Vintage pieces cost more.",760,760,19.8,d902253e3f,no,
marrakech_dataset\jewelry\bing\000063.jpg,000063.jpg,jewelry,unknown,jewelry,Brass / Silver Jewelry,مجوهرات,Souk des Bijoutiers,100,3000,100–3000 MAD,"Berber cuffs, earrings, Tuareg designs. Vintage pieces cost more.",1200,1200,57.2,4c152654f9,no,
marrakech_dataset\jewelry\bing\000064.jpg,000064.jpg,jewelry,unknown,jewelry,Brass / Silver Jewelry,مجوهرات,Souk des Bijoutiers,100,3000,100–3000 MAD,"Berber cuffs, earrings, Tuareg designs. Vintage pieces cost more.",1200,1200,48.5,8743e9dde0,no,
marrakech_dataset\jewelry\bing\000065.jpg,000065.jpg,jewelry,unknown,jewelry,Brass / Silver Jewelry,مجوهرات,Souk des Bijoutiers,100,3000,100–3000 MAD,"Berber cuffs, earrings, Tuareg designs. Vintage pieces cost more.",760,760,29.3,416dbed3d7,no,
marrakech_dataset\jewelry\bing\000066.jpg,000066.jpg,jewelry,unknown,jewelry,Brass / Silver Jewelry,مجوهرات,Souk des Bijoutiers,100,3000,100–3000 MAD,"Berber cuffs, earrings, Tuareg designs. Vintage pieces cost more.",1300,956,139.9,108fd02397,no,
marrakech_dataset\jewelry\bing\000067.jpg,000067.jpg,jewelry,unknown,jewelry,Brass / Silver Jewelry,مجوهرات,Souk des Bijoutiers,100,3000,100–3000 MAD,"Berber cuffs, earrings, Tuareg designs. Vintage pieces cost more.",1200,1200,54.6,4ae9bf1dff,no,
marrakech_dataset\jewelry\bing\000068.jpg,000068.jpg,jewelry,unknown,jewelry,Brass / Silver Jewelry,مجوهرات,Souk des Bijoutiers,100,3000,100–3000 MAD,"Berber cuffs, earrings, Tuareg designs. Vintage pieces cost more.",1300,956,306.9,b086a45e67,no,
marrakech_dataset\jewelry\bing\000069.jpg,000069.jpg,jewelry,unknown,jewelry,Brass / Silver Jewelry,مجوهرات,Souk des Bijoutiers,100,3000,100–3000 MAD,"Berber cuffs, earrings, Tuareg designs. Vintage pieces cost more.",1200,1200,52.2,a0ab1d72bb,no,
marrakech_dataset\jewelry\bing\000070.jpg,000070.jpg,jewelry,unknown,jewelry,Brass / Silver Jewelry,مجوهرات,Souk des Bijoutiers,100,3000,100–3000 MAD,"Berber cuffs, earrings, Tuareg designs. Vintage pieces cost more.",760,760,28.8,cb532cce4a,no,
marrakech_dataset\jewelry\bing\000071.jpg,000071.jpg,jewelry,unknown,jewelry,Brass / Silver Jewelry,مجوهرات,Souk des Bijoutiers,100,3000,100–3000 MAD,"Berber cuffs, earrings, Tuareg designs. Vintage pieces cost more.",1200,1200,76.3,fbf5503eba,no,
marrakech_dataset\jewelry\bing\000072.jpg,000072.jpg,jewelry,unknown,jewelry,Brass / Silver Jewelry,مجوهرات,Souk des Bijoutiers,100,3000,100–3000 MAD,"Berber cuffs, earrings, Tuareg designs. Vintage pieces cost more.",1300,956,227.0,732aaee113,no,
marrakech_dataset\jewelry\bing\000073.jpg,000073.jpg,jewelry,unknown,jewelry,Brass / Silver Jewelry,مجوهرات,Souk des Bijoutiers,100,3000,100–3000 MAD,"Berber cuffs, earrings, Tuareg designs. Vintage pieces cost more.",1300,953,414.5,2145e5dee4,no,
marrakech_dataset\jewelry\bing\000074.jpg,000074.jpg,jewelry,unknown,jewelry,Brass / Silver Jewelry,مجوهرات,Souk des Bijoutiers,100,3000,100–3000 MAD,"Berber cuffs, earrings, Tuareg designs. Vintage pieces cost more.",1300,956,305.3,a6f22ba61f,no,
marrakech_dataset\jewelry\bing\000075.jpg,000075.jpg,jewelry,unknown,jewelry,Brass / Silver Jewelry,مجوهرات,Souk des Bijoutiers,100,3000,100–3000 MAD,"Berber cuffs, earrings, Tuareg designs. Vintage pieces cost more.",1300,957,327.8,5cde340a2b,no,
marrakech_dataset\crafts\bing\000001.jpg,000001.jpg,crafts,unknown,crafts,Small Tagine Pot,طاجين,Souk Semmarine,20,50,20–50 MAD,Decorative or functional clay cooking pot.,866,1390,222.7,8c7d2a171b,no,
marrakech_dataset\crafts\bing\000002.jpg,000002.jpg,crafts,unknown,crafts,Small Tagine Pot,طاجين,Souk Semmarine,20,50,20–50 MAD,Decorative or functional clay cooking pot.,864,1390,238.8,eafb2a6e7f,no,
marrakech_dataset\crafts\bing\000003.jpg,000003.jpg,crafts,unknown,crafts,Small Tagine Pot,طاجين,Souk Semmarine,20,50,20–50 MAD,Decorative or functional clay cooking pot.,1358,1810,234.9,028c71cb88,no,
marrakech_dataset\crafts\bing\000004.jpg,000004.jpg,crafts,unknown,crafts,Small Tagine Pot,طاجين,Souk Semmarine,20,50,20–50 MAD,Decorative or functional clay cooking pot.,985,1312,263.5,185fd3a953,no,
marrakech_dataset\crafts\bing\000005.jpg,000005.jpg,crafts,unknown,crafts,Small Tagine Pot,طاجين,Souk Semmarine,20,50,20–50 MAD,Decorative or functional clay cooking pot.,1600,1690,486.4,ff8cc23a64,no,
marrakech_dataset\crafts\bing\000006.jpg,000006.jpg,crafts,unknown,crafts,Small Tagine Pot,طاجين,Souk Semmarine,20,50,20–50 MAD,Decorative or functional clay cooking pot.,866,1390,221.7,827e7c6ffe,no,
marrakech_dataset\crafts\bing\000007.jpg,000007.jpg,crafts,unknown,crafts,Small Tagine Pot,طاجين,Souk Semmarine,20,50,20–50 MAD,Decorative or functional clay cooking pot.,1300,956,264.4,c44f077621,no,
marrakech_dataset\crafts\bing\000008.jpg,000008.jpg,crafts,unknown,crafts,Small Tagine Pot,طاجين,Souk Semmarine,20,50,20–50 MAD,Decorative or functional clay cooking pot.,1300,956,306.9,b086a45e67,no,
marrakech_dataset\crafts\bing\000009.jpg,000009.jpg,crafts,unknown,crafts,Small Tagine Pot,طاجين,Souk Semmarine,20,50,20–50 MAD,Decorative or functional clay cooking pot.,1300,956,139.9,108fd02397,no,
marrakech_dataset\crafts\bing\000010.jpg,000010.jpg,crafts,unknown,crafts,Small Tagine Pot,طاجين,Souk Semmarine,20,50,20–50 MAD,Decorative or functional clay cooking pot.,1600,1067,556.9,a2f2204d3f,no,
marrakech_dataset\crafts\bing\000011.jpg,000011.jpg,crafts,unknown,crafts,Small Tagine Pot,طاجين,Souk Semmarine,20,50,20–50 MAD,Decorative or functional clay cooking pot.,1300,956,261.9,5ba7247bae,no,
marrakech_dataset\crafts\bing\000012.jpg,000012.jpg,crafts,unknown,crafts,Small Tagine Pot,طاجين,Souk Semmarine,20,50,20–50 MAD,Decorative or functional clay cooking pot.,866,1390,101.1,16f7c060d1,no,
marrakech_dataset\crafts\bing\000013.jpg,000013.jpg,crafts,unknown,crafts,Small Tagine Pot,طاجين,Souk Semmarine,20,50,20–50 MAD,Decorative or functional clay cooking pot.,1600,1156,257.2,d28ba0d693,no,
marrakech_dataset\crafts\bing\000014.jpg,000014.jpg,crafts,unknown,crafts,Small Tagine Pot,طاجين,Souk Semmarine,20,50,20–50 MAD,Decorative or functional clay cooking pot.,800,528,564.7,55261d504a,no,
marrakech_dataset\crafts\bing\000015.jpg,000015.jpg,crafts,unknown,crafts,Small Tagine Pot,طاجين,Souk Semmarine,20,50,20–50 MAD,Decorative or functional clay cooking pot.,900,900,113.6,38263a0adf,no,
marrakech_dataset\crafts\bing\000016.jpg,000016.jpg,crafts,unknown,crafts,Small Tagine Pot,طاجين,Souk Semmarine,20,50,20–50 MAD,Decorative or functional clay cooking pot.,940,746,157.2,a0d814f2d1,no,
marrakech_dataset\crafts\bing\000017.jpg,000017.jpg,crafts,unknown,crafts,Small Tagine Pot,طاجين,Souk Semmarine,20,50,20–50 MAD,Decorative or functional clay cooking pot.,1600,1156,277.6,7864f8b087,no,
marrakech_dataset\crafts\bing\000018.jpg,000018.jpg,crafts,unknown,crafts,Small Tagine Pot,طاجين,Souk Semmarine,20,50,20–50 MAD,Decorative or functional clay cooking pot.,1200,630,308.2,6cfe99fedb,no,
marrakech_dataset\crafts\bing\000019.jpg,000019.jpg,crafts,unknown,crafts,Small Tagine Pot,طاجين,Souk Semmarine,20,50,20–50 MAD,Decorative or functional clay cooking pot.,1300,956,182.8,ce44d49698,no,
marrakech_dataset\crafts\bing\000020.jpg,000020.jpg,crafts,unknown,crafts,Small Tagine Pot,طاجين,Souk Semmarine,20,50,20–50 MAD,Decorative or functional clay cooking pot.,866,1390,298.0,514b5bd31d,no,
marrakech_dataset\crafts\bing\000021.jpg,000021.jpg,crafts,unknown,crafts,Small Tagine Pot,طاجين,Souk Semmarine,20,50,20–50 MAD,Decorative or functional clay cooking pot.,600,900,137.0,bec96bee59,no,
marrakech_dataset\crafts\bing\000022.jpg,000022.jpg,crafts,unknown,crafts,Small Tagine Pot,طاجين,Souk Semmarine,20,50,20–50 MAD,Decorative or functional clay cooking pot.,1600,1156,260.9,925ae4d9af,no,
marrakech_dataset\crafts\bing\000023.jpg,000023.jpg,crafts,unknown,crafts,Small Tagine Pot,طاجين,Souk Semmarine,20,50,20–50 MAD,Decorative or functional clay cooking pot.,1300,956,300.3,7c8b9d8a57,no,
marrakech_dataset\crafts\bing\000024.jpg,000024.jpg,crafts,unknown,crafts,Small Tagine Pot,طاجين,Souk Semmarine,20,50,20–50 MAD,Decorative or functional clay cooking pot.,1600,1156,266.2,1c9e7f7d93,no,
marrakech_dataset\crafts\bing\000025.jpg,000025.jpg,crafts,unknown,crafts,Small Tagine Pot,طاجين,Souk Semmarine,20,50,20–50 MAD,Decorative or functional clay cooking pot.,1066,1690,244.7,65a7472f3d,no,
marrakech_dataset\crafts\bing\000026.jpg,000026.jpg,crafts,unknown,crafts,Small Tagine Pot,طاجين,Souk Semmarine,20,50,20–50 MAD,Decorative or functional clay cooking pot.,1024,720,20.7,2153e943cb,no,
marrakech_dataset\crafts\bing\000027.jpg,000027.jpg,crafts,unknown,crafts,Small Tagine Pot,طاجين,Souk Semmarine,20,50,20–50 MAD,Decorative or functional clay cooking pot.,1536,1024,142.3,317e3213f9,no,
marrakech_dataset\crafts\bing\000028.jpg,000028.jpg,crafts,unknown,crafts,Small Tagine Pot,طاجين,Souk Semmarine,20,50,20–50 MAD,Decorative or functional clay cooking pot.,1300,1065,449.8,78780f5898,no,
marrakech_dataset\crafts\bing\000029.jpg,000029.jpg,crafts,unknown,crafts,Small Tagine Pot,طاجين,Souk Semmarine,20,50,20–50 MAD,Decorative or functional clay cooking pot.,800,825,166.5,6f6b839e59,no,
marrakech_dataset\crafts\bing\000030.jpg,000030.jpg,crafts,unknown,crafts,Small Tagine Pot,طاجين,Souk Semmarine,20,50,20–50 MAD,Decorative or functional clay cooking pot.,1500,1098,579.6,14fc971e73,no,
marrakech_dataset\crafts\bing\000031.jpg,000031.jpg,crafts,unknown,crafts,Small Tagine Pot,طاجين,Souk Semmarine,20,50,20–50 MAD,Decorative or functional clay cooking pot.,800,534,78.8,12a8522396,no,
marrakech_dataset\crafts\bing\000032.jpg,000032.jpg,crafts,unknown,crafts,Small Tagine Pot,طاجين,Souk Semmarine,20,50,20–50 MAD,Decorative or functional clay cooking pot.,1300,954,104.4,14ce34c61a,no,
marrakech_dataset\crafts\bing\000033.jpg,000033.jpg,crafts,unknown,crafts,Small Tagine Pot,طاجين,Souk Semmarine,20,50,20–50 MAD,Decorative or functional clay cooking pot.,1600,1158,327.1,af11460db5,no,
marrakech_dataset\crafts\bing\000034.jpg,000034.jpg,crafts,unknown,crafts,Small Tagine Pot,طاجين,Souk Semmarine,20,50,20–50 MAD,Decorative or functional clay cooking pot.,1300,956,323.2,9ec9917a24,no,
marrakech_dataset\crafts\bing\000035.jpg,000035.jpg,crafts,unknown,crafts,Small Tagine Pot,طاجين,Souk Semmarine,20,50,20–50 MAD,Decorative or functional clay cooking pot.,1024,575,143.4,550bdf1ac9,no,
marrakech_dataset\crafts\bing\000036.jpg,000036.jpg,crafts,unknown,crafts,Small Tagine Pot,طاجين,Souk Semmarine,20,50,20–50 MAD,Decorative or functional clay cooking pot.,626,416,149.2,9ed4400b4c,no,
marrakech_dataset\crafts\bing\000037.jpg,000037.jpg,crafts,unknown,crafts,Small Tagine Pot,طاجين,Souk Semmarine,20,50,20–50 MAD,Decorative or functional clay cooking pot.,1600,1156,260.9,925ae4d9af,no,
marrakech_dataset\crafts\bing\000038.jpg,000038.jpg,crafts,unknown,crafts,Small Tagine Pot,طاجين,Souk Semmarine,20,50,20–50 MAD,Decorative or functional clay cooking pot.,866,1390,268.1,4452a091ee,no,
marrakech_dataset\crafts\bing\000039.jpg,000039.jpg,crafts,unknown,crafts,Small Tagine Pot,طاجين,Souk Semmarine,20,50,20–50 MAD,Decorative or functional clay cooking pot.,1063,1690,205.2,f20a93b174,no,
marrakech_dataset\crafts\bing\000040.jpg,000040.jpg,crafts,unknown,crafts,Small Tagine Pot,طاجين,Souk Semmarine,20,50,20–50 MAD,Decorative or functional clay cooking pot.,626,210,43.2,448b4d2ed3,no,
marrakech_dataset\crafts\bing\000041.jpg,000041.jpg,crafts,unknown,crafts,Small Tagine Pot,طاجين,Souk Semmarine,20,50,20–50 MAD,Decorative or functional clay cooking pot.,800,533,109.0,da3042ca42,no,
marrakech_dataset\crafts\bing\000042.jpg,000042.jpg,crafts,unknown,crafts,Small Tagine Pot,طاجين,Souk Semmarine,20,50,20–50 MAD,Decorative or functional clay cooking pot.,600,900,93.2,038c42dd9e,no,
marrakech_dataset\crafts\bing\000043.jpg,000043.jpg,crafts,unknown,crafts,Small Tagine Pot,طاجين,Souk Semmarine,20,50,20–50 MAD,Decorative or functional clay cooking pot.,1300,956,309.3,017177c9d2,no,
marrakech_dataset\crafts\bing\000044.jpg,000044.jpg,crafts,unknown,crafts,Small Tagine Pot,طاجين,Souk Semmarine,20,50,20–50 MAD,Decorative or functional clay cooking pot.,1600,1157,388.2,1151d27d12,no,
marrakech_dataset\crafts\bing\000045.jpg,000045.jpg,crafts,unknown,crafts,Small Tagine Pot,طاجين,Souk Semmarine,20,50,20–50 MAD,Decorative or functional clay cooking pot.,1300,956,258.4,f5de95b894,no,
marrakech_dataset\crafts\bing\000046.jpg,000046.jpg,crafts,unknown,crafts,Small Tagine Pot,طاجين,Souk Semmarine,20,50,20–50 MAD,Decorative or functional clay cooking pot.,1300,959,327.5,77abd514d0,no,
marrakech_dataset\crafts\bing\000047.jpg,000047.jpg,crafts,unknown,crafts,Small Tagine Pot,طاجين,Souk Semmarine,20,50,20–50 MAD,Decorative or functional clay cooking pot.,1300,956,182.8,ce44d49698,no,
marrakech_dataset\crafts\bing\000048.jpg,000048.jpg,crafts,unknown,crafts,Small Tagine Pot,طاجين,Souk Semmarine,20,50,20–50 MAD,Decorative or functional clay cooking pot.,1300,956,248.7,0c59b0693d,no,
marrakech_dataset\crafts\bing\000049.jpg,000049.jpg,crafts,unknown,crafts,Small Tagine Pot,طاجين,Souk Semmarine,20,50,20–50 MAD,Decorative or functional clay cooking pot.,1600,1157,245.3,07b1a7da69,no,
marrakech_dataset\crafts\bing\000050.jpg,000050.jpg,crafts,unknown,crafts,Small Tagine Pot,طاجين,Souk Semmarine,20,50,20–50 MAD,Decorative or functional clay cooking pot.,1300,956,269.6,4630ad8270,no,
marrakech_dataset\crafts\bing\000051.jpg,000051.jpg,crafts,unknown,crafts,Small Tagine Pot,طاجين,Souk Semmarine,20,50,20–50 MAD,Decorative or functional clay cooking pot.,630,421,35.5,f530ebbdaf,no,
marrakech_dataset\crafts\bing\000052.jpg,000052.jpg,crafts,unknown,crafts,Small Tagine Pot,طاجين,Souk Semmarine,20,50,20–50 MAD,Decorative or functional clay cooking pot.,630,420,91.8,2f0d6cd900,no,
marrakech_dataset\crafts\bing\000053.jpg,000053.jpg,crafts,unknown,crafts,Small Tagine Pot,طاجين,Souk Semmarine,20,50,20–50 MAD,Decorative or functional clay cooking pot.,630,420,55.0,018d72dfc9,no,
marrakech_dataset\crafts\bing\000054.jpg,000054.jpg,crafts,unknown,crafts,Small Tagine Pot,طاجين,Souk Semmarine,20,50,20–50 MAD,Decorative or functional clay cooking pot.,630,394,67.7,c3622a1a08,no,
marrakech_dataset\crafts\bing\000055.jpg,000055.jpg,crafts,unknown,crafts,Small Tagine Pot,طاجين,Souk Semmarine,20,50,20–50 MAD,Decorative or functional clay cooking pot.,630,420,64.8,f50ed8386f,no,
marrakech_dataset\crafts\bing\000056.jpg,000056.jpg,crafts,unknown,crafts,Small Tagine Pot,طاجين,Souk Semmarine,20,50,20–50 MAD,Decorative or functional clay cooking pot.,2000,1333,828.6,1b867ccf44,no,
marrakech_dataset\crafts\bing\000057.jpg,000057.jpg,crafts,unknown,crafts,Small Tagine Pot,طاجين,Souk Semmarine,20,50,20–50 MAD,Decorative or functional clay cooking pot.,800,533,288.4,325e2faa0d,no,
marrakech_dataset\crafts\bing\000058.jpg,000058.jpg,crafts,unknown,crafts,Small Tagine Pot,طاجين,Souk Semmarine,20,50,20–50 MAD,Decorative or functional clay cooking pot.,2560,1378,475.4,18de605765,no,
marrakech_dataset\crafts\bing\000059.jpg,000059.jpg,crafts,unknown,crafts,Small Tagine Pot,طاجين,Souk Semmarine,20,50,20–50 MAD,Decorative or functional clay cooking pot.,1200,800,375.3,16e05c68c5,no,
marrakech_dataset\crafts\bing\000060.jpg,000060.jpg,crafts,unknown,crafts,Small Tagine Pot,طاجين,Souk Semmarine,20,50,20–50 MAD,Decorative or functional clay cooking pot.,450,800,215.7,7c52c79827,no,
marrakech_dataset\crafts\bing\000061.jpg,000061.jpg,crafts,unknown,crafts,Small Tagine Pot,طاجين,Souk Semmarine,20,50,20–50 MAD,Decorative or functional clay cooking pot.,390,585,68.5,b7fb9cb606,no,
marrakech_dataset\crafts\bing\000062.jpg,000062.jpg,crafts,unknown,crafts,Small Tagine Pot,طاجين,Souk Semmarine,20,50,20–50 MAD,Decorative or functional clay cooking pot.,416,416,17.9,92c0bae1e4,no,
marrakech_dataset\crafts\bing\000063.jpg,000063.jpg,crafts,unknown,crafts,Small Tagine Pot,طاجين,Souk Semmarine,20,50,20–50 MAD,Decorative or functional clay cooking pot.,600,360,79.9,80d60057d6,no,
marrakech_dataset\crafts\bing\000064.jpg,000064.jpg,crafts,unknown,crafts,Small Tagine Pot,طاجين,Souk Semmarine,20,50,20–50 MAD,Decorative or functional clay cooking pot.,1024,768,226.4,45ecfbe410,no,
marrakech_dataset\crafts\bing\000065.jpg,000065.jpg,crafts,unknown,crafts,Small Tagine Pot,طاجين,Souk Semmarine,20,50,20–50 MAD,Decorative or functional clay cooking pot.,626,417,108.5,00cf761ec2,no,
marrakech_dataset\crafts\bing\000066.jpg,000066.jpg,crafts,unknown,crafts,Small Tagine Pot,طاجين,Souk Semmarine,20,50,20–50 MAD,Decorative or functional clay cooking pot.,724,362,106.8,4ac0daee57,no,
marrakech_dataset\crafts\bing\000067.jpg,000067.jpg,crafts,unknown,crafts,Small Tagine Pot,طاجين,Souk Semmarine,20,50,20–50 MAD,Decorative or functional clay cooking pot.,450,299,101.3,4777c66a2b,no,
marrakech_dataset\crafts\bing\000068.jpg,000068.jpg,crafts,unknown,crafts,Small Tagine Pot,طاجين,Souk Semmarine,20,50,20–50 MAD,Decorative or functional clay cooking pot.,808,1621,834.6,9c8bad3c2d,no,
marrakech_dataset\crafts\bing\000069.jpg,000069.jpg,crafts,unknown,crafts,Small Tagine Pot,طاجين,Souk Semmarine,20,50,20–50 MAD,Decorative or functional clay cooking pot.,400,600,70.8,d1652b384d,no,
marrakech_dataset\crafts\bing\000070.jpg,000070.jpg,crafts,unknown,crafts,Small Tagine Pot,طاجين,Souk Semmarine,20,50,20–50 MAD,Decorative or functional clay cooking pot.,3264,2448,1316.1,e8d227f79c,no,
marrakech_dataset\crafts\bing\000071.jpg,000071.jpg,crafts,unknown,crafts,Small Tagine Pot,طاجين,Souk Semmarine,20,50,20–50 MAD,Decorative or functional clay cooking pot.,2048,1536,858.7,1d245a4237,no,
marrakech_dataset\crafts\bing\000072.jpg,000072.jpg,crafts,unknown,crafts,Small Tagine Pot,طاجين,Souk Semmarine,20,50,20–50 MAD,Decorative or functional clay cooking pot.,719,480,109.2,87f5058063,no,
marrakech_dataset\crafts\bing\000073.jpg,000073.jpg,crafts,unknown,crafts,Small Tagine Pot,طاجين,Souk Semmarine,20,50,20–50 MAD,Decorative or functional clay cooking pot.,3264,2448,1216.5,34b1584adc,no,
marrakech_dataset\crafts\bing\000074.jpg,000074.jpg,crafts,unknown,crafts,Small Tagine Pot,طاجين,Souk Semmarine,20,50,20–50 MAD,Decorative or functional clay cooking pot.,686,1024,123.7,a187a12b00,no,
marrakech_dataset\crafts\bing\000075.jpg,000075.jpg,crafts,unknown,crafts,Small Tagine Pot,طاجين,Souk Semmarine,20,50,20–50 MAD,Decorative or functional clay cooking pot.,1600,1067,156.2,e3cf6a619f,no,
marrakech_dataset\crafts\bing\000076.jpg,000076.jpg,crafts,unknown,crafts,Small Tagine Pot,طاجين,Souk Semmarine,20,50,20–50 MAD,Decorative or functional clay cooking pot.,800,854,115.6,99ecd2f06f,no,
marrakech_dataset\crafts\bing\000077.jpg,000077.jpg,crafts,unknown,crafts,Small Tagine Pot,طاجين,Souk Semmarine,20,50,20–50 MAD,Decorative or functional clay cooking pot.,866,1390,225.1,a2230e3b03,no,
marrakech_dataset\crafts\bing\000078.jpg,000078.jpg,crafts,unknown,crafts,Small Tagine Pot,طاجين,Souk Semmarine,20,50,20–50 MAD,Decorative or functional clay cooking pot.,1300,956,186.5,781fd1875e,no,
marrakech_dataset\crafts\bing\000079.jpg,000079.jpg,crafts,unknown,crafts,Small Tagine Pot,طاجين,Souk Semmarine,20,50,20–50 MAD,Decorative or functional clay cooking pot.,800,534,117.8,c40893c999,no,
marrakech_dataset\crafts\bing\000080.jpg,000080.jpg,crafts,unknown,crafts,Small Tagine Pot,طاجين,Souk Semmarine,20,50,20–50 MAD,Decorative or functional clay cooking pot.,1300,956,300.7,95c72ae38c,no,
marrakech_dataset\crafts\bing\000081.jpg,000081.jpg,crafts,unknown,crafts,Small Tagine Pot,طاجين,Souk Semmarine,20,50,20–50 MAD,Decorative or functional clay cooking pot.,1600,1156,408.4,9c728712ef,no,
marrakech_dataset\crafts\bing\000082.jpg,000082.jpg,crafts,unknown,crafts,Small Tagine Pot,طاجين,Souk Semmarine,20,50,20–50 MAD,Decorative or functional clay cooking pot.,1300,956,301.9,aa4ea78460,no,
marrakech_dataset\crafts\bing\000083.jpg,000083.jpg,crafts,unknown,crafts,Small Tagine Pot,طاجين,Souk Semmarine,20,50,20–50 MAD,Decorative or functional clay cooking pot.,1500,1500,575.6,6fcd61c0b7,no,
marrakech_dataset\crafts\bing\000084.jpg,000084.jpg,crafts,unknown,crafts,Small Tagine Pot,طاجين,Souk Semmarine,20,50,20–50 MAD,Decorative or functional clay cooking pot.,863,1390,322.0,0a8ab36a44,no,
marrakech_dataset\crafts\bing\000085.jpg,000085.jpg,crafts,unknown,crafts,Small Tagine Pot,طاجين,Souk Semmarine,20,50,20–50 MAD,Decorative or functional clay cooking pot.,1707,2560,796.4,888ca7c79a,no,
marrakech_dataset\crafts\bing\000086.jpg,000086.jpg,crafts,unknown,crafts,Small Tagine Pot,طاجين,Souk Semmarine,20,50,20–50 MAD,Decorative or functional clay cooking pot.,953,1390,333.2,130dda31aa,no,
marrakech_dataset\crafts\bing\000087.jpg,000087.jpg,crafts,unknown,crafts,Small Tagine Pot,طاجين,Souk Semmarine,20,50,20–50 MAD,Decorative or functional clay cooking pot.,1264,1690,466.1,c57d4c7ffe,no,
marrakech_dataset\crafts\bing\000088.jpg,000088.jpg,crafts,unknown,crafts,Small Tagine Pot,طاجين,Souk Semmarine,20,50,20–50 MAD,Decorative or functional clay cooking pot.,1300,1027,349.2,1f2fb15d05,no,
marrakech_dataset\crafts\bing\000089.jpg,000089.jpg,crafts,unknown,crafts,Small Tagine Pot,طاجين,Souk Semmarine,20,50,20–50 MAD,Decorative or functional clay cooking pot.,720,540,118.7,2b07c75a7f,no,
marrakech_dataset\crafts\bing\000090.jpg,000090.jpg,crafts,unknown,crafts,Small Tagine Pot,طاجين,Souk Semmarine,20,50,20–50 MAD,Decorative or functional clay cooking pot.,1600,1153,371.1,96c52b7e24,no,
marrakech_dataset\crafts\bing\000091.jpg,000091.jpg,crafts,unknown,crafts,Small Tagine Pot,طاجين,Souk Semmarine,20,50,20–50 MAD,Decorative or functional clay cooking pot.,1600,990,260.4,86eb097fe9,no,
marrakech_dataset\crafts\bing\000092.jpg,000092.jpg,crafts,unknown,crafts,Small Tagine Pot,طاجين,Souk Semmarine,20,50,20–50 MAD,Decorative or functional clay cooking pot.,434,650,76.5,5b9ad16cbc,no,
marrakech_dataset\crafts\bing\000093.jpg,000093.jpg,crafts,unknown,crafts,Small Tagine Pot,طاجين,Souk Semmarine,20,50,20–50 MAD,Decorative or functional clay cooking pot.,844,1390,282.6,59b8e28105,no,
marrakech_dataset\crafts\bing\000094.jpg,000094.jpg,crafts,unknown,crafts,Small Tagine Pot,طاجين,Souk Semmarine,20,50,20–50 MAD,Decorative or functional clay cooking pot.,1300,970,280.5,20acf40a4c,no,
marrakech_dataset\crafts\bing\000095.jpg,000095.jpg,crafts,unknown,crafts,Small Tagine Pot,طاجين,Souk Semmarine,20,50,20–50 MAD,Decorative or functional clay cooking pot.,812,552,192.6,9a1002bb0c,no,
marrakech_dataset\crafts\bing\000096.jpg,000096.jpg,crafts,unknown,crafts,Small Tagine Pot,طاجين,Souk Semmarine,20,50,20–50 MAD,Decorative or functional clay cooking pot.,1300,970,397.2,16a4b1c027,no,
marrakech_dataset\crafts\bing\000097.jpg,000097.jpg,crafts,unknown,crafts,Small Tagine Pot,طاجين,Souk Semmarine,20,50,20–50 MAD,Decorative or functional clay cooking pot.,1024,768,144.8,2cdcd6e311,no,
marrakech_dataset\crafts\bing\000098.jpg,000098.jpg,crafts,unknown,crafts,Small Tagine Pot,طاجين,Souk Semmarine,20,50,20–50 MAD,Decorative or functional clay cooking pot.,626,351,94.8,3825c72981,no,
marrakech_dataset\crafts\bing\000099.jpg,000099.jpg,crafts,unknown,crafts,Small Tagine Pot,طاجين,Souk Semmarine,20,50,20–50 MAD,Decorative or functional clay cooking pot.,1026,1390,368.5,8acea4af75,no,
marrakech_dataset\crafts\bing\000100.jpg,000100.jpg,crafts,unknown,crafts,Small Tagine Pot,طاجين,Souk Semmarine,20,50,20–50 MAD,Decorative or functional clay cooking pot.,2200,2160,381.9,7ecd62a958,no,
marrakech_dataset\argan\bing\000001.jpg,000001.jpg,argan,unknown,argan,Argan Oil (medium bottle),زيت أركان,Souk El Attarine / Arganino / Assouss Argane,150,300,150–300 MAD,"Morocco's 'liquid gold'. Real argan oil: thick paste, strong nut smell.",669,446,62.4,2b2b4f3198,no,
marrakech_dataset\argan\bing\000002.jpg,000002.jpg,argan,unknown,argan,Argan Oil (medium bottle),زيت أركان,Souk El Attarine / Arganino / Assouss Argane,150,300,150–300 MAD,"Morocco's 'liquid gold'. Real argan oil: thick paste, strong nut smell.",1300,821,176.5,49faf10b18,no,
marrakech_dataset\argan\bing\000003.jpg,000003.jpg,argan,unknown,argan,Argan Oil (medium bottle),زيت أركان,Souk El Attarine / Arganino / Assouss Argane,150,300,150–300 MAD,"Morocco's 'liquid gold'. Real argan oil: thick paste, strong nut smell.",2048,2048,625.6,b2c3652acb,no,
marrakech_dataset\argan\bing\000004.jpg,000004.jpg,argan,unknown,argan,Argan Oil (medium bottle),زيت أركان,Souk El Attarine / Arganino / Assouss Argane,150,300,150–300 MAD,"Morocco's 'liquid gold'. Real argan oil: thick paste, strong nut smell.",1600,990,185.8,54fb325c22,no,
marrakech_dataset\argan\bing\000005.jpg,000005.jpg,argan,unknown,argan,Argan Oil (medium bottle),زيت أركان,Souk El Attarine / Arganino / Assouss Argane,150,300,150–300 MAD,"Morocco's 'liquid gold'. Real argan oil: thick paste, strong nut smell.",669,446,63.8,9c23848bb9,no,
marrakech_dataset\argan\bing\000006.jpg,000006.jpg,argan,unknown,argan,Argan Oil (medium bottle),زيت أركان,Souk El Attarine / Arganino / Assouss Argane,150,300,150–300 MAD,"Morocco's 'liquid gold'. Real argan oil: thick paste, strong nut smell.",390,280,29.4,9b24c1020d,no,
marrakech_dataset\argan\bing\000007.jpg,000007.jpg,argan,unknown,argan,Argan Oil (medium bottle),زيت أركان,Souk El Attarine / Arganino / Assouss Argane,150,300,150–300 MAD,"Morocco's 'liquid gold'. Real argan oil: thick paste, strong nut smell.",1365,2048,439.2,e1e10b3de1,no,
marrakech_dataset\argan\bing\000008.jpg,000008.jpg,argan,unknown,argan,Argan Oil (medium bottle),زيت أركان,Souk El Attarine / Arganino / Assouss Argane,150,300,150–300 MAD,"Morocco's 'liquid gold'. Real argan oil: thick paste, strong nut smell.",950,633,358.2,3165480a52,no,
marrakech_dataset\argan\bing\000009.jpg,000009.jpg,argan,unknown,argan,Argan Oil (medium bottle),زيت أركان,Souk El Attarine / Arganino / Assouss Argane,150,300,150–300 MAD,"Morocco's 'liquid gold'. Real argan oil: thick paste, strong nut smell.",1200,1200,66.9,2e1741268a,no,
marrakech_dataset\argan\bing\000010.jpg,000010.jpg,argan,unknown,argan,Argan Oil (medium bottle),زيت أركان,Souk El Attarine / Arganino / Assouss Argane,150,300,150–300 MAD,"Morocco's 'liquid gold'. Real argan oil: thick paste, strong nut smell.",1300,956,252.3,85944548b0,no,
marrakech_dataset\argan\bing\000011.jpg,000011.jpg,argan,unknown,argan,Argan Oil (medium bottle),زيت أركان,Souk El Attarine / Arganino / Assouss Argane,150,300,150–300 MAD,"Morocco's 'liquid gold'. Real argan oil: thick paste, strong nut smell.",1500,1101,529.9,a6c0baa894,no,
marrakech_dataset\argan\bing\000012.jpg,000012.jpg,argan,unknown,argan,Argan Oil (medium bottle),زيت أركان,Souk El Attarine / Arganino / Assouss Argane,150,300,150–300 MAD,"Morocco's 'liquid gold'. Real argan oil: thick paste, strong nut smell.",1300,956,158.8,c1b0435822,no,
marrakech_dataset\argan\bing\000013.jpg,000013.jpg,argan,unknown,argan,Argan Oil (medium bottle),زيت أركان,Souk El Attarine / Arganino / Assouss Argane,150,300,150–300 MAD,"Morocco's 'liquid gold'. Real argan oil: thick paste, strong nut smell.",1024,682,171.6,8483f66a1d,no,
marrakech_dataset\argan\bing\000014.jpg,000014.jpg,argan,unknown,argan,Argan Oil (medium bottle),زيت أركان,Souk El Attarine / Arganino / Assouss Argane,150,300,150–300 MAD,"Morocco's 'liquid gold'. Real argan oil: thick paste, strong nut smell.",736,981,111.9,6d8588b658,no,
marrakech_dataset\argan\bing\000015.jpg,000015.jpg,argan,unknown,argan,Argan Oil (medium bottle),زيت أركان,Souk El Attarine / Arganino / Assouss Argane,150,300,150–300 MAD,"Morocco's 'liquid gold'. Real argan oil: thick paste, strong nut smell.",424,565,100.2,1168f478bb,no,
marrakech_dataset\argan\bing\000016.jpg,000016.jpg,argan,unknown,argan,Argan Oil (medium bottle),زيت أركان,Souk El Attarine / Arganino / Assouss Argane,150,300,150–300 MAD,"Morocco's 'liquid gold'. Real argan oil: thick paste, strong nut smell.",1000,1000,245.4,12340e1145,no,
marrakech_dataset\argan\bing\000017.jpg,000017.jpg,argan,unknown,argan,Argan Oil (medium bottle),زيت أركان,Souk El Attarine / Arganino / Assouss Argane,150,300,150–300 MAD,"Morocco's 'liquid gold'. Real argan oil: thick paste, strong nut smell.",600,400,46.0,2cbcf32f0c,no,
marrakech_dataset\argan\bing\000018.jpg,000018.jpg,argan,unknown,argan,Argan Oil (medium bottle),زيت أركان,Souk El Attarine / Arganino / Assouss Argane,150,300,150–300 MAD,"Morocco's 'liquid gold'. Real argan oil: thick paste, strong nut smell.",1190,794,100.9,c1363874ef,no,
marrakech_dataset\argan\bing\000019.jpg,000019.jpg,argan,unknown,argan,Argan Oil (medium bottle),زيت أركان,Souk El Attarine / Arganino / Assouss Argane,150,300,150–300 MAD,"Morocco's 'liquid gold'. Real argan oil: thick paste, strong nut smell.",1300,956,165.9,ddc4e73b19,no,
marrakech_dataset\argan\bing\000020.jpg,000020.jpg,argan,unknown,argan,Argan Oil (medium bottle),زيت أركان,Souk El Attarine / Arganino / Assouss Argane,150,300,150–300 MAD,"Morocco's 'liquid gold'. Real argan oil: thick paste, strong nut smell.",1440,756,66.7,76b5aa5535,no,
marrakech_dataset\argan\bing\000021.jpg,000021.jpg,argan,unknown,argan,Argan Oil (medium bottle),زيت أركان,Souk El Attarine / Arganino / Assouss Argane,150,300,150–300 MAD,"Morocco's 'liquid gold'. Real argan oil: thick paste, strong nut smell.",1300,821,189.6,24f1b063c2,no,
marrakech_dataset\argan\bing\000022.jpg,000022.jpg,argan,unknown,argan,Argan Oil (medium bottle),زيت أركان,Souk El Attarine / Arganino / Assouss Argane,150,300,150–300 MAD,"Morocco's 'liquid gold'. Real argan oil: thick paste, strong nut smell.",1500,1101,518.2,4d60f1ac90,no,
marrakech_dataset\argan\bing\000023.jpg,000023.jpg,argan,unknown,argan,Argan Oil (medium bottle),زيت أركان,Souk El Attarine / Arganino / Assouss Argane,150,300,150–300 MAD,"Morocco's 'liquid gold'. Real argan oil: thick paste, strong nut smell.",736,736,104.0,ac9f4c7ab5,no,
marrakech_dataset\argan\bing\000024.jpg,000024.jpg,argan,unknown,argan,Argan Oil (medium bottle),زيت أركان,Souk El Attarine / Arganino / Assouss Argane,150,300,150–300 MAD,"Morocco's 'liquid gold'. Real argan oil: thick paste, strong nut smell.",1300,956,167.0,84f13c64b1,no,
marrakech_dataset\argan\bing\000025.jpg,000025.jpg,argan,unknown,argan,Argan Oil (medium bottle),زيت أركان,Souk El Attarine / Arganino / Assouss Argane,150,300,150–300 MAD,"Morocco's 'liquid gold'. Real argan oil: thick paste, strong nut smell.",1200,600,277.9,b9bf31db8d,no,
marrakech_dataset\argan\bing\000026.jpg,000026.jpg,argan,unknown,argan,Argan Oil (medium bottle),زيت أركان,Souk El Attarine / Arganino / Assouss Argane,150,300,150–300 MAD,"Morocco's 'liquid gold'. Real argan oil: thick paste, strong nut smell.",1140,930,102.7,9734f59256,no,
marrakech_dataset\argan\bing\000027.jpg,000027.jpg,argan,unknown,argan,Argan Oil (medium bottle),زيت أركان,Souk El Attarine / Arganino / Assouss Argane,150,300,150–300 MAD,"Morocco's 'liquid gold'. Real argan oil: thick paste, strong nut smell.",800,856,94.1,337517685e,no,
marrakech_dataset\argan\bing\000028.jpg,000028.jpg,argan,unknown,argan,Argan Oil (medium bottle),زيت أركان,Souk El Attarine / Arganino / Assouss Argane,150,300,150–300 MAD,"Morocco's 'liquid gold'. Real argan oil: thick paste, strong nut smell.",1280,853,43.8,f05315d555,no,
marrakech_dataset\argan\bing\000029.jpg,000029.jpg,argan,unknown,argan,Argan Oil (medium bottle),زيت أركان,Souk El Attarine / Arganino / Assouss Argane,150,300,150–300 MAD,"Morocco's 'liquid gold'. Real argan oil: thick paste, strong nut smell.",634,950,162.6,557c7b96fc,no,
marrakech_dataset\argan\bing\000030.jpg,000030.jpg,argan,unknown,argan,Argan Oil (medium bottle),زيت أركان,Souk El Attarine / Arganino / Assouss Argane,150,300,150–300 MAD,"Morocco's 'liquid gold'. Real argan oil: thick paste, strong nut smell.",1000,1200,17.0,328fcd4e92,no,
marrakech_dataset\argan\bing\000031.jpg,000031.jpg,argan,unknown,argan,Argan Oil (medium bottle),زيت أركان,Souk El Attarine / Arganino / Assouss Argane,150,300,150–300 MAD,"Morocco's 'liquid gold'. Real argan oil: thick paste, strong nut smell.",634,950,179.5,7530c321b4,no,
marrakech_dataset\argan\bing\000032.jpg,000032.jpg,argan,unknown,argan,Argan Oil (medium bottle),زيت أركان,Souk El Attarine / Arganino / Assouss Argane,150,300,150–300 MAD,"Morocco's 'liquid gold'. Real argan oil: thick paste, strong nut smell.",2560,2560,166.2,fe440975ce,no,
marrakech_dataset\argan\bing\000033.jpg,000033.jpg,argan,unknown,argan,Argan Oil (medium bottle),زيت أركان,Souk El Attarine / Arganino / Assouss Argane,150,300,150–300 MAD,"Morocco's 'liquid gold'. Real argan oil: thick paste, strong nut smell.",1500,1101,529.9,a6c0baa894,no,
marrakech_dataset\argan\bing\000034.jpg,000034.jpg,argan,unknown,argan,Argan Oil (medium bottle),زيت أركان,Souk El Attarine / Arganino / Assouss Argane,150,300,150–300 MAD,"Morocco's 'liquid gold'. Real argan oil: thick paste, strong nut smell.",634,950,165.6,48ddf5748b,no,
marrakech_dataset\argan\bing\000035.jpg,000035.jpg,argan,unknown,argan,Argan Oil (medium bottle),زيت أركان,Souk El Attarine / Arganino / Assouss Argane,150,300,150–300 MAD,"Morocco's 'liquid gold'. Real argan oil: thick paste, strong nut smell.",390,280,29.4,9b24c1020d,no,
marrakech_dataset\argan\bing\000036.jpg,000036.jpg,argan,unknown,argan,Argan Oil (medium bottle),زيت أركان,Souk El Attarine / Arganino / Assouss Argane,150,300,150–300 MAD,"Morocco's 'liquid gold'. Real argan oil: thick paste, strong nut smell.",1600,900,67.6,7bed997946,no,
marrakech_dataset\argan\bing\000037.jpg,000037.jpg,argan,unknown,argan,Argan Oil (medium bottle),زيت أركان,Souk El Attarine / Arganino / Assouss Argane,150,300,150–300 MAD,"Morocco's 'liquid gold'. Real argan oil: thick paste, strong nut smell.",1258,907,113.9,63001ce8a3,no,
marrakech_dataset\argan\bing\000038.jpg,000038.jpg,argan,unknown,argan,Argan Oil (medium bottle),زيت أركان,Souk El Attarine / Arganino / Assouss Argane,150,300,150–300 MAD,"Morocco's 'liquid gold'. Real argan oil: thick paste, strong nut smell.",683,1024,66.4,8a53acc340,no,
marrakech_dataset\argan\bing\000039.jpg,000039.jpg,argan,unknown,argan,Argan Oil (medium bottle),زيت أركان,Souk El Attarine / Arganino / Assouss Argane,150,300,150–300 MAD,"Morocco's 'liquid gold'. Real argan oil: thick paste, strong nut smell.",925,714,75.7,a184651350,no,
marrakech_dataset\argan\bing\000040.jpg,000040.jpg,argan,unknown,argan,Argan Oil (medium bottle),زيت أركان,Souk El Attarine / Arganino / Assouss Argane,150,300,150–300 MAD,"Morocco's 'liquid gold'. Real argan oil: thick paste, strong nut smell.",1080,1080,233.4,4cf90949d8,no,
marrakech_dataset\argan\bing\000041.jpg,000041.jpg,argan,unknown,argan,Argan Oil (medium bottle),زيت أركان,Souk El Attarine / Arganino / Assouss Argane,150,300,150–300 MAD,"Morocco's 'liquid gold'. Real argan oil: thick paste, strong nut smell.",1500,1101,629.2,a8d78d29ff,no,
marrakech_dataset\argan\bing\000042.jpg,000042.jpg,argan,unknown,argan,Argan Oil (medium bottle),زيت أركان,Souk El Attarine / Arganino / Assouss Argane,150,300,150–300 MAD,"Morocco's 'liquid gold'. Real argan oil: thick paste, strong nut smell.",1300,956,188.2,02ff9aa271,no,
marrakech_dataset\argan\bing\000043.jpg,000043.jpg,argan,unknown,argan,Argan Oil (medium bottle),زيت أركان,Souk El Attarine / Arganino / Assouss Argane,150,300,150–300 MAD,"Morocco's 'liquid gold'. Real argan oil: thick paste, strong nut smell.",1000,600,126.5,2c8140e4a8,no,
marrakech_dataset\argan\bing\000044.jpg,000044.jpg,argan,unknown,argan,Argan Oil (medium bottle),زيت أركان,Souk El Attarine / Arganino / Assouss Argane,150,300,150–300 MAD,"Morocco's 'liquid gold'. Real argan oil: thick paste, strong nut smell.",1000,1000,102.4,ecd110f79b,no,
marrakech_dataset\argan\bing\000045.jpg,000045.jpg,argan,unknown,argan,Argan Oil (medium bottle),زيت أركان,Souk El Attarine / Arganino / Assouss Argane,150,300,150–300 MAD,"Morocco's 'liquid gold'. Real argan oil: thick paste, strong nut smell.",1795,2286,182.4,38fa4624ec,no,
marrakech_dataset\argan\bing\000046.jpg,000046.jpg,argan,unknown,argan,Argan Oil (medium bottle),زيت أركان,Souk El Attarine / Arganino / Assouss Argane,150,300,150–300 MAD,"Morocco's 'liquid gold'. Real argan oil: thick paste, strong nut smell.",602,650,24.8,4ee499f181,no,
marrakech_dataset\argan\bing\000047.jpg,000047.jpg,argan,unknown,argan,Argan Oil (medium bottle),زيت أركان,Souk El Attarine / Arganino / Assouss Argane,150,300,150–300 MAD,"Morocco's 'liquid gold'. Real argan oil: thick paste, strong nut smell.",3264,2448,3235.9,d76386317b,no,
marrakech_dataset\argan\bing\000048.jpg,000048.jpg,argan,unknown,argan,Argan Oil (medium bottle),زيت أركان,Souk El Attarine / Arganino / Assouss Argane,150,300,150–300 MAD,"Morocco's 'liquid gold'. Real argan oil: thick paste, strong nut smell.",500,1413,66.4,ca2cd99c76,no,
marrakech_dataset\argan\bing\000049.jpg,000049.jpg,argan,unknown,argan,Argan Oil (medium bottle),زيت أركان,Souk El Attarine / Arganino / Assouss Argane,150,300,150–300 MAD,"Morocco's 'liquid gold'. Real argan oil: thick paste, strong nut smell.",3300,3300,1099.5,c26e66e941,no,
marrakech_dataset\argan\bing\000050.jpg,000050.jpg,argan,unknown,argan,Argan Oil (medium bottle),زيت أركان,Souk El Attarine / Arganino / Assouss Argane,150,300,150–300 MAD,"Morocco's 'liquid gold'. Real argan oil: thick paste, strong nut smell.",797,1200,341.4,bffb575664,no,
marrakech_dataset\argan\bing\000051.jpg,000051.jpg,argan,unknown,argan,Argan Oil (medium bottle),زيت أركان,Souk El Attarine / Arganino / Assouss Argane,150,300,150–300 MAD,"Morocco's 'liquid gold'. Real argan oil: thick paste, strong nut smell.",700,700,43.4,36c77173f2,no,
marrakech_dataset\argan\bing\000052.jpg,000052.jpg,argan,unknown,argan,Argan Oil (medium bottle),زيت أركان,Souk El Attarine / Arganino / Assouss Argane,150,300,150–300 MAD,"Morocco's 'liquid gold'. Real argan oil: thick paste, strong nut smell.",1300,956,158.8,c1b0435822,no,
marrakech_dataset\argan\bing\000053.jpg,000053.jpg,argan,unknown,argan,Argan Oil (medium bottle),زيت أركان,Souk El Attarine / Arganino / Assouss Argane,150,300,150–300 MAD,"Morocco's 'liquid gold'. Real argan oil: thick paste, strong nut smell.",1250,677,138.8,2e4fc74da6,no,
marrakech_dataset\argan\bing\000054.jpg,000054.jpg,argan,unknown,argan,Argan Oil (medium bottle),زيت أركان,Souk El Attarine / Arganino / Assouss Argane,150,300,150–300 MAD,"Morocco's 'liquid gold'. Real argan oil: thick paste, strong nut smell.",771,1000,177.6,dd2d4a60eb,no,
marrakech_dataset\argan\bing\000055.jpg,000055.jpg,argan,unknown,argan,Argan Oil (medium bottle),زيت أركان,Souk El Attarine / Arganino / Assouss Argane,150,300,150–300 MAD,"Morocco's 'liquid gold'. Real argan oil: thick paste, strong nut smell.",768,768,54.9,1b4a8fee9e,no,
marrakech_dataset\argan\bing\000056.jpg,000056.jpg,argan,unknown,argan,Argan Oil (medium bottle),زيت أركان,Souk El Attarine / Arganino / Assouss Argane,150,300,150–300 MAD,"Morocco's 'liquid gold'. Real argan oil: thick paste, strong nut smell.",800,800,62.5,9e0ea3828c,no,
marrakech_dataset\argan\bing\000057.jpg,000057.jpg,argan,unknown,argan,Argan Oil (medium bottle),زيت أركان,Souk El Attarine / Arganino / Assouss Argane,150,300,150–300 MAD,"Morocco's 'liquid gold'. Real argan oil: thick paste, strong nut smell.",277,277,21.4,3712d145e3,no,
marrakech_dataset\argan\bing\000058.jpg,000058.jpg,argan,unknown,argan,Argan Oil (medium bottle),زيت أركان,Souk El Attarine / Arganino / Assouss Argane,150,300,150–300 MAD,"Morocco's 'liquid gold'. Real argan oil: thick paste, strong nut smell.",800,445,67.3,6eece6b606,no,
marrakech_dataset\argan\bing\000059.jpg,000059.jpg,argan,unknown,argan,Argan Oil (medium bottle),زيت أركان,Souk El Attarine / Arganino / Assouss Argane,150,300,150–300 MAD,"Morocco's 'liquid gold'. Real argan oil: thick paste, strong nut smell.",1344,768,177.8,151b8d5b72,no,
marrakech_dataset\argan\bing\000060.jpg,000060.jpg,argan,unknown,argan,Argan Oil (medium bottle),زيت أركان,Souk El Attarine / Arganino / Assouss Argane,150,300,150–300 MAD,"Morocco's 'liquid gold'. Real argan oil: thick paste, strong nut smell.",4000,4000,339.5,57539b3b7f,no,
marrakech_dataset\argan\bing\000061.jpg,000061.jpg,argan,unknown,argan,Argan Oil (medium bottle),زيت أركان,Souk El Attarine / Arganino / Assouss Argane,150,300,150–300 MAD,"Morocco's 'liquid gold'. Real argan oil: thick paste, strong nut smell.",1600,990,185.8,54fb325c22,no,
marrakech_dataset\argan\bing\000062.jpg,000062.jpg,argan,unknown,argan,Argan Oil (medium bottle),زيت أركان,Souk El Attarine / Arganino / Assouss Argane,150,300,150–300 MAD,"Morocco's 'liquid gold'. Real argan oil: thick paste, strong nut smell.",700,700,83.1,585deb5423,no,
marrakech_dataset\argan\bing\000063.jpg,000063.jpg,argan,unknown,argan,Argan Oil (medium bottle),زيت أركان,Souk El Attarine / Arganino / Assouss Argane,150,300,150–300 MAD,"Morocco's 'liquid gold'. Real argan oil: thick paste, strong nut smell.",810,1000,64.4,6767ad0492,no,
marrakech_dataset\argan\bing\000064.jpg,000064.jpg,argan,unknown,argan,Argan Oil (medium bottle),زيت أركان,Souk El Attarine / Arganino / Assouss Argane,150,300,150–300 MAD,"Morocco's 'liquid gold'. Real argan oil: thick paste, strong nut smell.",400,267,29.7,ad288409ab,no,
marrakech_dataset\argan\bing\000065.jpg,000065.jpg,argan,unknown,argan,Argan Oil (medium bottle),زيت أركان,Souk El Attarine / Arganino / Assouss Argane,150,300,150–300 MAD,"Morocco's 'liquid gold'. Real argan oil: thick paste, strong nut smell.",822,822,67.9,ff822e2d4e,no,
marrakech_dataset\argan\bing\000066.jpg,000066.jpg,argan,unknown,argan,Argan Oil (medium bottle),زيت أركان,Souk El Attarine / Arganino / Assouss Argane,150,300,150–300 MAD,"Morocco's 'liquid gold'. Real argan oil: thick paste, strong nut smell.",1600,1063,240.9,27b2e8a014,no,
marrakech_dataset\argan\bing\000067.jpg,000067.jpg,argan,unknown,argan,Argan Oil (medium bottle),زيت أركان,Souk El Attarine / Arganino / Assouss Argane,150,300,150–300 MAD,"Morocco's 'liquid gold'. Real argan oil: thick paste, strong nut smell.",1200,1200,34.2,731978db7d,no,
marrakech_dataset\argan\bing\000068.jpg,000068.jpg,argan,unknown,argan,Argan Oil (medium bottle),زيت أركان,Souk El Attarine / Arganino / Assouss Argane,150,300,150–300 MAD,"Morocco's 'liquid gold'. Real argan oil: thick paste, strong nut smell.",1056,1920,241.0,40cf681b4a,no,
marrakech_dataset\argan\bing\000069.jpg,000069.jpg,argan,unknown,argan,Argan Oil (medium bottle),زيت أركان,Souk El Attarine / Arganino / Assouss Argane,150,300,150–300 MAD,"Morocco's 'liquid gold'. Real argan oil: thick paste, strong nut smell.",800,1000,155.4,01d6bbd76d,no,
marrakech_dataset\argan\bing\000070.jpg,000070.jpg,argan,unknown,argan,Argan Oil (medium bottle),زيت أركان,Souk El Attarine / Arganino / Assouss Argane,150,300,150–300 MAD,"Morocco's 'liquid gold'. Real argan oil: thick paste, strong nut smell.",600,600,23.2,a93f64aa0b,no,
marrakech_dataset\argan\bing\000071.jpg,000071.jpg,argan,unknown,argan,Argan Oil (medium bottle),زيت أركان,Souk El Attarine / Arganino / Assouss Argane,150,300,150–300 MAD,"Morocco's 'liquid gold'. Real argan oil: thick paste, strong nut smell.",768,1024,149.0,70c4783398,no,
marrakech_dataset\argan\bing\000072.jpg,000072.jpg,argan,unknown,argan,Argan Oil (medium bottle),زيت أركان,Souk El Attarine / Arganino / Assouss Argane,150,300,150–300 MAD,"Morocco's 'liquid gold'. Real argan oil: thick paste, strong nut smell.",1080,810,145.6,d11101a9cd,no,
marrakech_dataset\argan\bing\000073.jpg,000073.jpg,argan,unknown,argan,Argan Oil (medium bottle),زيت أركان,Souk El Attarine / Arganino / Assouss Argane,150,300,150–300 MAD,"Morocco's 'liquid gold'. Real argan oil: thick paste, strong nut smell.",680,562,213.6,cece25f44b,no,
marrakech_dataset\argan\bing\000074.jpg,000074.jpg,argan,unknown,argan,Argan Oil (medium bottle),زيت أركان,Souk El Attarine / Arganino / Assouss Argane,150,300,150–300 MAD,"Morocco's 'liquid gold'. Real argan oil: thick paste, strong nut smell.",768,1024,110.8,63d2b75516,no,
marrakech_dataset\argan\bing\000075.jpg,000075.jpg,argan,unknown,argan,Argan Oil (medium bottle),زيت أركان,Souk El Attarine / Arganino / Assouss Argane,150,300,150–300 MAD,"Morocco's 'liquid gold'. Real argan oil: thick paste, strong nut smell.",1080,810,132.8,af38e14b4c,no,
